/* =====================================================================
   BASE DE DATOS: AV EVENTS LTDA.
   ASIGNATURA: BDY1102 - BASE DE DATOS APLICADA II
   ===================================================================== */

/* BORRADO DE LAS TABLAS SI YA ESTÁN CREADAS */
DROP TABLE ARRIENDO_EQUIPO_AV CASCADE CONSTRAINTS;
DROP TABLE EQUIPO_AV CASCADE CONSTRAINTS;
DROP TABLE CLIENTE CASCADE CONSTRAINTS;
DROP TABLE REGION CASCADE CONSTRAINTS;
DROP TABLE MARCA CASCADE CONSTRAINTS;
DROP TABLE TIPO_EQUIPO CASCADE CONSTRAINTS;
DROP TABLE TIPO_CLIENTE CASCADE CONSTRAINTS;
DROP TABLE TIPO_SALUD CASCADE CONSTRAINTS;
DROP TABLE EMPLEADO CASCADE CONSTRAINTS;
DROP TABLE ESTADO_CIVIL CASCADE CONSTRAINTS;
DROP TABLE PORC_BONIF_ANNOS CASCADE CONSTRAINTS;

/* BORRADO DE SECUENCIAS */
DROP SEQUENCE SEQ_REGION;
DROP SEQUENCE SEQ_ESTCIVIL;
DROP SEQUENCE SEQ_MARCA;
DROP SEQUENCE SEQ_ARRIENDO;

/* CREACION DE SECUENCIAS */
CREATE SEQUENCE SEQ_REGION    START WITH 80;
CREATE SEQUENCE SEQ_ESTCIVIL  START WITH 10 INCREMENT BY 10;
CREATE SEQUENCE SEQ_MARCA     START WITH 10 INCREMENT BY 10;
CREATE SEQUENCE SEQ_ARRIENDO;

/* ============================
   CREACIÓN DE TABLAS
   ============================ */

CREATE TABLE ARRIENDO_EQUIPO_AV
(id_arriendo        NUMBER(7)    NOT NULL CONSTRAINT PK_ARRIENDO_EQUIPO_AV PRIMARY KEY,
 cod_equipo         VARCHAR2(8)  NOT NULL,
 numrun_cli         NUMBER(10)   NOT NULL,
 fecha_ini_arriendo DATE         NOT NULL,
 dias_solicitados   NUMBER(6),
 fecha_devolucion   DATE);


CREATE TABLE TIPO_SALUD
(id_tipo_sal  VARCHAR2(3)   NOT NULL CONSTRAINT PK_TIPO_SALUD PRIMARY KEY,
 descripcion  VARCHAR2(100) NOT NULL,
 pct_sueldo   NUMBER(3,1)   NOT NULL);


CREATE TABLE CLIENTE
(numrun_cli     NUMBER(10)   NOT NULL CONSTRAINT PK_CLIENTE PRIMARY KEY,
 dvrun_cli      VARCHAR2(1)  NOT NULL,
 appaterno_cli  VARCHAR2(30) NOT NULL,
 apmaterno_cli  VARCHAR2(30) NOT NULL,
 pnombre_cli    VARCHAR2(30) NOT NULL,
 snombre_cli    VARCHAR2(30),
 direccion      VARCHAR2(60) NOT NULL,
 celular_cli    NUMBER(15),
 fono_fijo_cli  NUMBER(15),
 renta          NUMBER(7)    NOT NULL,
 fecha_nac_cli  DATE,
 id_region      NUMBER(3),
 id_tipo_cli    VARCHAR2(1)  NOT NULL,
 id_estado_civil NUMBER(2)   NOT NULL);


CREATE TABLE REGION
(id_region      NUMBER(3)    NOT NULL CONSTRAINT PK_REGION PRIMARY KEY,
 nombre_region  VARCHAR2(40) NOT NULL CONSTRAINT UN_REGION_NOMBRE UNIQUE);


CREATE TABLE EMPLEADO
(numrun_emp      NUMBER(10)   NOT NULL CONSTRAINT PK_EMPLEADO PRIMARY KEY,
 dvrun_emp       VARCHAR2(1)  NOT NULL,
 appaterno_emp   VARCHAR2(30) NOT NULL,
 apmaterno_emp   VARCHAR2(30) NOT NULL,
 pnombre_emp     VARCHAR2(25) NOT NULL,
 snombre_emp     VARCHAR2(25),
 direccion_emp   VARCHAR2(60) NOT NULL,
 sexo            CHAR(1)      NOT NULL CONSTRAINT CHK_SEXO CHECK (sexo IN ('F','M')),
 celular_emp     NUMBER(15),
 fono_fijo_emp   NUMBER(15),
 fecha_nac       DATE         NOT NULL,
 fecha_contrato  DATE         NOT NULL,
 sueldo_base     NUMBER(7)    NOT NULL,
 id_region       NUMBER(3),
 id_tipo_sal     VARCHAR2(3)  NOT NULL,
 id_estado_civil NUMBER(2)    NOT NULL);


CREATE TABLE MARCA
(id_marca       NUMBER(2)    NOT NULL CONSTRAINT PK_MARCA PRIMARY KEY,
 nombre_marca   VARCHAR2(25) NOT NULL);


CREATE TABLE TIPO_CLIENTE
(id_tipo_cli      VARCHAR2(1)  NOT NULL CONSTRAINT PK_TIPO_CLIENTE PRIMARY KEY,
 nombre_tipo_cli  VARCHAR2(20) NOT NULL);


CREATE TABLE TIPO_EQUIPO
(id_tipo_equipo      VARCHAR2(1)  NOT NULL CONSTRAINT PK_TIPO_EQUIPO PRIMARY KEY,
 nombre_tipo_equipo  VARCHAR2(40) NOT NULL);


CREATE TABLE EQUIPO_AV
(cod_equipo         VARCHAR2(8)  NOT NULL CONSTRAINT PK_EQUIPO_AV PRIMARY KEY,
 descripcion        VARCHAR2(50) NOT NULL,
 potencia_w         NUMBER(6),
 color              VARCHAR2(15) NOT NULL,
 anio_fab           NUMBER(4),
 valor_arriendo_dia NUMBER(7)    NOT NULL,
 valor_deposito_dia NUMBER(6),
 id_tipo_equipo     VARCHAR2(1)  NOT NULL,
 numrun_emp         NUMBER(10),
 id_marca           NUMBER(2)    NOT NULL);


CREATE TABLE ESTADO_CIVIL
(id_estado_civil      NUMBER(2)    NOT NULL CONSTRAINT ESTADO_CIVIL_PK PRIMARY KEY,
 nombre_estado_civil  VARCHAR2(25) NOT NULL);


CREATE TABLE PORC_BONIF_ANNOS
(sueldo_desde  NUMBER(7,0) NOT NULL,
 sueldo_hasta  NUMBER(7,0) NOT NULL,
 porcentaje    NUMBER(5,2) NOT NULL);



/* ============================
   RESTRICCIONES (FK)
   ============================ */

ALTER TABLE arriendo_equipo_av
    ADD CONSTRAINT fk_arriendo_cliente FOREIGN KEY (numrun_cli)
        REFERENCES cliente (numrun_cli);

ALTER TABLE arriendo_equipo_av
    ADD CONSTRAINT fk_arriendo_equipo_av FOREIGN KEY (cod_equipo)
        REFERENCES equipo_av (cod_equipo);

ALTER TABLE cliente
    ADD CONSTRAINT fk_cliente_region FOREIGN KEY (id_region)
        REFERENCES region (id_region);

ALTER TABLE cliente
    ADD CONSTRAINT fk_cliente_tipocliente FOREIGN KEY (id_tipo_cli)
        REFERENCES tipo_cliente (id_tipo_cli);

ALTER TABLE cliente
    ADD CONSTRAINT fk_cliente_estado_civil FOREIGN KEY (id_estado_civil)
        REFERENCES estado_civil (id_estado_civil);

ALTER TABLE empleado
    ADD CONSTRAINT fk_empleado_region FOREIGN KEY (id_region)
        REFERENCES region (id_region);

ALTER TABLE empleado
    ADD CONSTRAINT fk_empleado_estado_civil FOREIGN KEY (id_estado_civil)
        REFERENCES estado_civil (id_estado_civil);

ALTER TABLE empleado
    ADD CONSTRAINT fk_empleado_tipo_salud FOREIGN KEY (id_tipo_sal)
        REFERENCES tipo_salud (id_tipo_sal);

ALTER TABLE equipo_av
    ADD CONSTRAINT fk_equipo_av_empleado FOREIGN KEY (numrun_emp)
        REFERENCES empleado (numrun_emp);

ALTER TABLE equipo_av
    ADD CONSTRAINT fk_equipo_av_marca FOREIGN KEY (id_marca)
        REFERENCES marca (id_marca);

ALTER TABLE equipo_av
    ADD CONSTRAINT fk_equipo_av_tipo FOREIGN KEY (id_tipo_equipo)
        REFERENCES tipo_equipo (id_tipo_equipo);


/* ============================
   INSERCIÓN DE DATOS
   ============================ */

/* TIPO_SALUD */
INSERT INTO TIPO_SALUD VALUES ('F',  'Fonasa',      7.0);
INSERT INTO TIPO_SALUD VALUES ('I',  'Isapre',      8.0);

/* REGION */
INSERT INTO REGION VALUES (SEQ_REGION.NEXTVAL, 'Metropolitana');
INSERT INTO REGION VALUES (SEQ_REGION.NEXTVAL, 'Valparaíso');
INSERT INTO REGION VALUES (SEQ_REGION.NEXTVAL, 'Biobío');

/* ESTADO CIVIL */
INSERT INTO ESTADO_CIVIL VALUES (SEQ_ESTCIVIL.NEXTVAL, 'Soltero');
INSERT INTO ESTADO_CIVIL VALUES (SEQ_ESTCIVIL.NEXTVAL, 'Casado');
INSERT INTO ESTADO_CIVIL VALUES (SEQ_ESTCIVIL.NEXTVAL, 'Divorciado');
INSERT INTO ESTADO_CIVIL VALUES (SEQ_ESTCIVIL.NEXTVAL, 'Viudo');
INSERT INTO ESTADO_CIVIL VALUES (SEQ_ESTCIVIL.NEXTVAL, 'Otro');

/* MARCA (Audiovisual) */
INSERT INTO MARCA VALUES (SEQ_MARCA.NEXTVAL, 'Sony');
INSERT INTO MARCA VALUES (SEQ_MARCA.NEXTVAL, 'JBL');
INSERT INTO MARCA VALUES (SEQ_MARCA.NEXTVAL, 'Martin Lighting');
INSERT INTO MARCA VALUES (SEQ_MARCA.NEXTVAL, 'Samsung LED');
INSERT INTO MARCA VALUES (SEQ_MARCA.NEXTVAL, 'Yamaha');

/* TIPO_CLIENTE */
INSERT INTO TIPO_CLIENTE VALUES ('S', 'Socio');
INSERT INTO TIPO_CLIENTE VALUES ('P', 'Premium');
INSERT INTO TIPO_CLIENTE VALUES ('N', 'Nacional');
INSERT INTO TIPO_CLIENTE VALUES ('E', 'Extranjero');

/* TIPO_EQUIPO */
INSERT INTO TIPO_EQUIPO VALUES ('P', 'Proyector');
INSERT INTO TIPO_EQUIPO VALUES ('S', 'Sistema de Sonido');
INSERT INTO TIPO_EQUIPO VALUES ('I', 'Iluminación Escénica');
INSERT INTO TIPO_EQUIPO VALUES ('L', 'Pantalla LED');
INSERT INTO TIPO_EQUIPO VALUES ('C', 'Consola de Mezcla');


-- EMPLEADOS
INSERT INTO EMPLEADO VALUES (10145678, '9', 'Rivas', 'Mendoza', 'Carlos', 'Andrés', 'Av. Providencia 1500', 'M', 987654321, 225551234, TO_DATE('1965-05-15','YYYY-MM-DD'), TO_DATE('1996-03-10','YYYY-MM-DD'), 850000, 80, 'F', 10);
INSERT INTO EMPLEADO VALUES (12987456, '3', 'Sepúlveda', 'García', 'Rosa', 'Elena', 'Calle Monjitas 350', 'F', 987654322, 225551235, TO_DATE('1970-11-22','YYYY-MM-DD'), TO_DATE('1996-03-25','YYYY-MM-DD'), 920000, 80, 'I', 20);

/* OTROS EMPLEADOS (entre 1992-2015) */
INSERT INTO EMPLEADO VALUES (9145670, '4', 'Valenzuela', 'Bravo', 'Lucia', NULL, 'Paseo Huérfanos 800', 'F', 987654323, 225551236, TO_DATE('1968-02-14','YYYY-MM-DD'), TO_DATE('1995-06-12','YYYY-MM-DD'), 1250000, 80, 'I', 20);
INSERT INTO EMPLEADO VALUES (8524390, '8', 'Díaz', 'Flores', 'Roberto', 'Francisco', 'Agustinas 1200', 'M', 987654324, 225551237, TO_DATE('1972-08-30','YYYY-MM-DD'), TO_DATE('1998-01-15','YYYY-MM-DD'), 780000, 80, 'F', 10);
INSERT INTO EMPLEADO VALUES (11745820, '5', 'Morales', 'Jiménez', 'Rodrigo', NULL, 'San Martín 456', 'M', 987654325, 225551238, TO_DATE('1975-03-18','YYYY-MM-DD'), TO_DATE('1997-09-20','YYYY-MM-DD'), 1480000, 80, 'I', 30);
INSERT INTO EMPLEADO VALUES (13245670, '2', 'González', 'Rodríguez', 'Javier', 'Miguel', 'Teatinos 250', 'M', 987654326, 225551239, TO_DATE('1980-12-05','YYYY-MM-DD'), TO_DATE('2001-04-10','YYYY-MM-DD'), 890000, 80, 'F', 20);
INSERT INTO EMPLEADO VALUES (9876543, '1', 'Martínez', 'López', 'Patricia', 'Verónica', 'Moneda 1050', 'F', 987654327, 225551240, TO_DATE('1967-07-12','YYYY-MM-DD'), TO_DATE('1992-10-03','YYYY-MM-DD'), 920000, 80, 'I', 10);
INSERT INTO EMPLEADO VALUES (10654321, '7', 'Soto', 'Navarro', 'Daniel', 'Carlos', 'Bandera 360', 'M', 987654328, 225551241, TO_DATE('1973-09-27','YYYY-MM-DD'), TO_DATE('2000-02-14','YYYY-MM-DD'), 1050000, 80, 'F', 30);
INSERT INTO EMPLEADO VALUES (12345678, '9', 'Acosta', 'Silva', 'Marcela', 'Elena', 'Merced 600', 'F', 987654329, 225551242, TO_DATE('1978-04-08','YYYY-MM-DD'), TO_DATE('2005-07-18','YYYY-MM-DD'), 780000, 80, 'I', 20);
INSERT INTO EMPLEADO VALUES (11567890, '6', 'Castro', 'Peńa', 'Fernando', NULL, 'Teatinos 500', 'M', 987654330, 225551243, TO_DATE('1971-01-19','YYYY-MM-DD'), TO_DATE('1999-11-30','YYYY-MM-DD'), 1150000, 80, 'F', 10);
INSERT INTO EMPLEADO VALUES (10234567, '4', 'Hermosilla', 'Gutiérrez', 'Antonia', 'Rosa', 'Teatinos 750', 'F', 987654331, 225551244, TO_DATE('1969-06-14','YYYY-MM-DD'), TO_DATE('2003-05-09','YYYY-MM-DD'), 850000, 80, 'I', 20);

/* CLIENTES */
INSERT INTO CLIENTE VALUES (14250000, '3', 'Producción', 'Total', 'Eventos Chile', NULL, 'Providencia 2000', 987654400, 225551300, 5000000, TO_DATE('2005-03-15','YYYY-MM-DD'), 80, 'S', 20);
INSERT INTO CLIENTE VALUES (76345820, '9', 'Pro Show', 'Ltda', 'Felipe', 'Andrés', 'Nueva York 456', 987654401, 225551301, 3500000, TO_DATE('1998-07-20','YYYY-MM-DD'), 80, 'P', 10);
INSERT INTO CLIENTE VALUES (19876543, '2', 'Conciertos', 'Express', 'Gabriela', NULL, 'Gran Avenida 1234', 987654402, 225551302, 2800000, TO_DATE('2010-01-10','YYYY-MM-DD'), 80, 'N', 30);
INSERT INTO CLIENTE VALUES (20111222, '6', 'AV Productions', 'Chile', 'Marco', 'Antonio', 'Teatinos 890', 987654403, 225551303, 4200000, TO_DATE('2008-11-05','YYYY-MM-DD'), 80, 'P', 20);
INSERT INTO CLIENTE VALUES (18567890, '1', 'Summit', 'Eventos', 'Paola', 'Isabel', 'Moneda 1800', 987654404, 225551304, 3100000, TO_DATE('2012-05-22','YYYY-MM-DD'), 80, 'N', 10);
INSERT INTO CLIENTE VALUES (21234567, '8', 'Digital Media', 'Solutions', 'Roberto', NULL, 'Apoquindo 5500', 987654405, 225551305, 5500000, TO_DATE('2006-09-11','YYYY-MM-DD'), 80, 'S', 20);
INSERT INTO CLIENTE VALUES (17654321, '4', 'Audiovisual', 'Profesional', 'Carmen', 'Rosa', 'La Concepción 123', 987654406, 225551306, 2900000, TO_DATE('2011-03-18','YYYY-MM-DD'), 80, 'N', 30);
INSERT INTO CLIENTE VALUES (22345678, '7', 'Event Prod', 'Premium', 'Andrés', 'Felipe', 'Cerro San Cristóbal 450', 987654407, 225551307, 4800000, TO_DATE('2009-06-30','YYYY-MM-DD'), 80, 'P', 20);
INSERT INTO CLIENTE VALUES (16789012, '9', 'Estudio', 'Creativo', 'Lorena', 'Marcela', 'La Cisterna 200', 987654408, 225551308, 2100000, TO_DATE('2013-02-14','YYYY-MM-DD'), 80, 'N', 10);
INSERT INTO CLIENTE VALUES (23456789, '5', 'Evento', 'Corporativo', 'Javier', 'Luis', 'Suecia 250', 987654409, 225551309, 3700000, TO_DATE('2007-12-03','YYYY-MM-DD'), 80, 'P', 20);
INSERT INTO CLIENTE VALUES (15234567, '2', 'Rock Tour', 'Ltda', 'Valentina', NULL, 'Pío Nono 530', 987654410, 225551310, 2400000, TO_DATE('2014-10-25','YYYY-MM-DD'), 80, 'N', 30);
INSERT INTO CLIENTE VALUES (24567890, '3', 'Conciertos', 'Latinoamericanos', 'Diego', 'Fernando', 'Los Militares 5900', 987654411, 225551311, 5100000, TO_DATE('2006-04-17','YYYY-MM-DD'), 80, 'S', 20);
INSERT INTO CLIENTE VALUES (14567890, '8', 'Festival', 'Chile', 'Marcela', 'Alejandra', 'Santa María 2450', 987654412, 225551312, 2700000, TO_DATE('2010-08-09','YYYY-MM-DD'), 80, 'N', 10);
INSERT INTO CLIENTE VALUES (25678901, '6', 'Evento Global', 'Org', 'Ricardo', 'Gustavo', 'Alameda 3500', 987654413, 225551313, 4500000, TO_DATE('2008-02-20','YYYY-MM-DD'), 80, 'E', 20);
INSERT INTO CLIENTE VALUES (13345678, '1', 'Show', 'Master', 'Alejandra', 'Verónica', 'Teatinos 1200', 987654414, 225551314, 1900000, TO_DATE('2015-01-30','YYYY-MM-DD'), 80, 'N', 30);
INSERT INTO CLIENTE VALUES (26789012, '4', 'Audio Global', 'Systems', 'Christopher', 'James', 'Parque Arauco 5000', 987654415, 225551315, 5800000, TO_DATE('2006-11-12','YYYY-MM-DD'), 80, 'E', 20);
INSERT INTO CLIENTE VALUES (12234567, '9', 'Evento Tech', 'Innovación', 'Sofia', 'Catalina', 'La Dehesa 450', 987654416, 225551316, 3200000, TO_DATE('2011-07-08','YYYY-MM-DD'), 80, 'P', 10);
INSERT INTO CLIENTE VALUES (27890123, '7', 'Premium Sound', 'Inc', 'Michael', 'David', 'El Golf 15', 987654417, 225551317, 6200000, TO_DATE('2005-05-15','YYYY-MM-DD'), 80, 'S', 20);
INSERT INTO CLIENTE VALUES (11234567, '2', 'Producción Local', 'Express', 'Mariana', 'Teresa', 'Providencia 3000', 987654418, 225551318, 1800000, TO_DATE('2012-11-22','YYYY-MM-DD'), 80, 'N', 30);
INSERT INTO CLIENTE VALUES (28901234, '5', 'Multiforma', 'Eventos', 'Arturo', NULL, 'Diagonal Paraguay 250', 987654419, 225551319, 4100000, TO_DATE('2009-03-27','YYYY-MM-DD'), 80, 'P', 20);
/* EQUIPOS AUDIOVISUALES (12 equipos) */
/* Proyectores */
INSERT INTO EQUIPO_AV VALUES ('AV001', 'Proyector Sony VPL-FHZ75', 250, 'Negro', 2019, 120000, 60000, 'P', 10145678, 10);
INSERT INTO EQUIPO_AV VALUES ('AV002', 'Proyector Sony VPL-FHZ100', 280, 'Gris', 2020, 150000, 75000, 'P', 12987456, 10);

/* Sistemas de Sonido */
INSERT INTO EQUIPO_AV VALUES ('AV003', 'Sistema JBL PRX815XLF', 1200, 'Negro', 2018, 180000, 90000, 'S', 9145670, 20);
INSERT INTO EQUIPO_AV VALUES ('AV004', 'Sistema JBL VRX932', 2200, 'Negro', 2019, 220000, 110000, 'S', 8524390, 20);

/* Iluminación Escénica */
INSERT INTO EQUIPO_AV VALUES ('AV005', 'Martin Lighting EX Pro', 1500, 'Negro', 2017, 200000, 100000, 'I', 11745820, 30);
INSERT INTO EQUIPO_AV VALUES ('AV006', 'Martin Lighting EX AL', 1800, 'Negro', 2020, 250000, 125000, 'I', 13245670, 30);

/* Pantallas LED */
INSERT INTO EQUIPO_AV VALUES ('AV007', 'Samsung LED 6mm P6', 3000, 'Negro', 2021, 350000, 150000, 'L', 9876543, 40);
INSERT INTO EQUIPO_AV VALUES ('AV008', 'Samsung LED 4mm P4', 2500, 'Negro', 2020, 300000, 120000, 'L', 10654321, 40);

/* Consolas de Mezcla */
INSERT INTO EQUIPO_AV VALUES ('AV009', 'Yamaha QL1 32 canales', 800, 'Gris oscuro', 2019, 180000, 85000, 'C', 12345678, 50);
INSERT INTO EQUIPO_AV VALUES ('AV010', 'Yamaha QL5 48 canales', 900, 'Gris oscuro', 2020, 220000, 100000, 'C', 11567890, 50);

/* Equipos adicionales */
INSERT INTO EQUIPO_AV VALUES ('AV011', 'Proyector Sony VPL-FHZ120', 350, 'Negro', 2021, 180000, 85000, 'P', 10234567, 10);
INSERT INTO EQUIPO_AV VALUES ('AV012', 'Sistema JBL SRX728S', 1600, 'Negro', 2021, 250000, 120000, 'S', 10145678, 20);

/* PORCENTAJES DE BONIFICACIÓN 30 AŃOS */
INSERT INTO PORC_BONIF_ANNOS VALUES (0, 899999, 5);
INSERT INTO PORC_BONIF_ANNOS VALUES (900000, 1099999, 15);
INSERT INTO PORC_BONIF_ANNOS VALUES (1100000, 2299999, 17.5);
INSERT INTO PORC_BONIF_ANNOS VALUES (2300000, 9999999, 20);

/* CLIENTES (continuación de IDs para estado civil) */
COMMIT;

/* MARZO AŃO ACTUAL - Empleado 10145678 (Carlos Rivas) con equipos AV001, AV002 */
INSERT INTO ARRIENDO_EQUIPO_AV VALUES (SEQ_ARRIENDO.NEXTVAL, 'AV001', 14250000, TO_DATE('01-03-' || EXTRACT(YEAR FROM SYSDATE), 'DD-MM-YYYY'), 3, TO_DATE('04-03-' || EXTRACT(YEAR FROM SYSDATE), 'DD-MM-YYYY'));
INSERT INTO ARRIENDO_EQUIPO_AV VALUES (SEQ_ARRIENDO.NEXTVAL, 'AV002', 76345820, TO_DATE('10-03-' || EXTRACT(YEAR FROM SYSDATE), 'DD-MM-YYYY'), 2, TO_DATE('12-03-' || EXTRACT(YEAR FROM SYSDATE), 'DD-MM-YYYY'));

/* MARZO AŃO ACTUAL - Empleado 11745820 (Rodrigo Morales) con equipos AV005, AV011 */
INSERT INTO ARRIENDO_EQUIPO_AV VALUES (SEQ_ARRIENDO.NEXTVAL, 'AV005', 19876543, TO_DATE('05-03-' || EXTRACT(YEAR FROM SYSDATE), 'DD-MM-YYYY'), 4, TO_DATE('09-03-' || EXTRACT(YEAR FROM SYSDATE), 'DD-MM-YYYY'));
INSERT INTO ARRIENDO_EQUIPO_AV VALUES (SEQ_ARRIENDO.NEXTVAL, 'AV011', 20111222, TO_DATE('15-03-' || EXTRACT(YEAR FROM SYSDATE), 'DD-MM-YYYY'), 3, TO_DATE('18-03-' || EXTRACT(YEAR FROM SYSDATE), 'DD-MM-YYYY'));

/* MARZO AŃO ACTUAL - Otros equipos (1 arriendo cada uno) */
INSERT INTO ARRIENDO_EQUIPO_AV VALUES (SEQ_ARRIENDO.NEXTVAL, 'AV003', 18567890, TO_DATE('03-03-' || EXTRACT(YEAR FROM SYSDATE), 'DD-MM-YYYY'), 2, TO_DATE('05-03-' || EXTRACT(YEAR FROM SYSDATE), 'DD-MM-YYYY'));
INSERT INTO ARRIENDO_EQUIPO_AV VALUES (SEQ_ARRIENDO.NEXTVAL, 'AV004', 21234567, TO_DATE('08-03-' || EXTRACT(YEAR FROM SYSDATE), 'DD-MM-YYYY'), 2, TO_DATE('10-03-' || EXTRACT(YEAR FROM SYSDATE), 'DD-MM-YYYY'));
INSERT INTO ARRIENDO_EQUIPO_AV VALUES (SEQ_ARRIENDO.NEXTVAL, 'AV006', 17654321, TO_DATE('12-03-' || EXTRACT(YEAR FROM SYSDATE), 'DD-MM-YYYY'), 3, TO_DATE('15-03-' || EXTRACT(YEAR FROM SYSDATE), 'DD-MM-YYYY'));
INSERT INTO ARRIENDO_EQUIPO_AV VALUES (SEQ_ARRIENDO.NEXTVAL, 'AV007', 22345678, TO_DATE('02-03-' || EXTRACT(YEAR FROM SYSDATE), 'DD-MM-YYYY'), 5, TO_DATE('07-03-' || EXTRACT(YEAR FROM SYSDATE), 'DD-MM-YYYY'));
INSERT INTO ARRIENDO_EQUIPO_AV VALUES (SEQ_ARRIENDO.NEXTVAL, 'AV008', 16789012, TO_DATE('20-03-' || EXTRACT(YEAR FROM SYSDATE), 'DD-MM-YYYY'), 2, TO_DATE('22-03-' || EXTRACT(YEAR FROM SYSDATE), 'DD-MM-YYYY'));
INSERT INTO ARRIENDO_EQUIPO_AV VALUES (SEQ_ARRIENDO.NEXTVAL, 'AV009', 23456789, TO_DATE('25-03-' || EXTRACT(YEAR FROM SYSDATE), 'DD-MM-YYYY'), 2, TO_DATE('27-03-' || EXTRACT(YEAR FROM SYSDATE), 'DD-MM-YYYY'));
INSERT INTO ARRIENDO_EQUIPO_AV VALUES (SEQ_ARRIENDO.NEXTVAL, 'AV010', 15234567, TO_DATE('28-03-' || EXTRACT(YEAR FROM SYSDATE), 'DD-MM-YYYY'), 2, TO_DATE('30-03-' || EXTRACT(YEAR FROM SYSDATE), 'DD-MM-YYYY'));
/* FEBRERO AŃO ACTUAL */
INSERT INTO ARRIENDO_EQUIPO_AV VALUES (SEQ_ARRIENDO.NEXTVAL, 'AV001', 24567890, TO_DATE('01-02-' || EXTRACT(YEAR FROM SYSDATE), 'DD-MM-YYYY'), 3, TO_DATE('04-02-' || EXTRACT(YEAR FROM SYSDATE), 'DD-MM-YYYY'));
INSERT INTO ARRIENDO_EQUIPO_AV VALUES (SEQ_ARRIENDO.NEXTVAL, 'AV002', 14567890, TO_DATE('05-02-' || EXTRACT(YEAR FROM SYSDATE), 'DD-MM-YYYY'), 2, TO_DATE('07-02-' || EXTRACT(YEAR FROM SYSDATE), 'DD-MM-YYYY'));
INSERT INTO ARRIENDO_EQUIPO_AV VALUES (SEQ_ARRIENDO.NEXTVAL, 'AV003', 25678901, TO_DATE('10-02-' || EXTRACT(YEAR FROM SYSDATE), 'DD-MM-YYYY'), 2, TO_DATE('12-02-' || EXTRACT(YEAR FROM SYSDATE), 'DD-MM-YYYY'));
INSERT INTO ARRIENDO_EQUIPO_AV VALUES (SEQ_ARRIENDO.NEXTVAL, 'AV004', 13345678, TO_DATE('15-02-' || EXTRACT(YEAR FROM SYSDATE), 'DD-MM-YYYY'), 2, TO_DATE('17-02-' || EXTRACT(YEAR FROM SYSDATE), 'DD-MM-YYYY'));
INSERT INTO ARRIENDO_EQUIPO_AV VALUES (SEQ_ARRIENDO.NEXTVAL, 'AV005', 26789012, TO_DATE('02-02-' || EXTRACT(YEAR FROM SYSDATE), 'DD-MM-YYYY'), 3, TO_DATE('05-02-' || EXTRACT(YEAR FROM SYSDATE), 'DD-MM-YYYY'));
INSERT INTO ARRIENDO_EQUIPO_AV VALUES (SEQ_ARRIENDO.NEXTVAL, 'AV006', 12234567, TO_DATE('08-02-' || EXTRACT(YEAR FROM SYSDATE), 'DD-MM-YYYY'), 2, TO_DATE('10-02-' || EXTRACT(YEAR FROM SYSDATE), 'DD-MM-YYYY'));
INSERT INTO ARRIENDO_EQUIPO_AV VALUES (SEQ_ARRIENDO.NEXTVAL, 'AV007', 27890123, TO_DATE('12-02-' || EXTRACT(YEAR FROM SYSDATE), 'DD-MM-YYYY'), 4, TO_DATE('16-02-' || EXTRACT(YEAR FROM SYSDATE), 'DD-MM-YYYY'));
INSERT INTO ARRIENDO_EQUIPO_AV VALUES (SEQ_ARRIENDO.NEXTVAL, 'AV008', 11234567, TO_DATE('18-02-' || EXTRACT(YEAR FROM SYSDATE), 'DD-MM-YYYY'), 3, TO_DATE('21-02-' || EXTRACT(YEAR FROM SYSDATE), 'DD-MM-YYYY'));
INSERT INTO ARRIENDO_EQUIPO_AV VALUES (SEQ_ARRIENDO.NEXTVAL, 'AV009', 28901234, TO_DATE('20-02-' || EXTRACT(YEAR FROM SYSDATE), 'DD-MM-YYYY'), 2, TO_DATE('22-02-' || EXTRACT(YEAR FROM SYSDATE), 'DD-MM-YYYY'));
INSERT INTO ARRIENDO_EQUIPO_AV VALUES (SEQ_ARRIENDO.NEXTVAL, 'AV010', 14250000, TO_DATE('25-02-' || EXTRACT(YEAR FROM SYSDATE), 'DD-MM-YYYY'), 2, TO_DATE('27-02-' || EXTRACT(YEAR FROM SYSDATE), 'DD-MM-YYYY'));

/* ENERO AŃO ACTUAL */
INSERT INTO ARRIENDO_EQUIPO_AV VALUES (SEQ_ARRIENDO.NEXTVAL, 'AV011', 76345820, TO_DATE('02-01-' || EXTRACT(YEAR FROM SYSDATE), 'DD-MM-YYYY'), 5, TO_DATE('07-01-' || EXTRACT(YEAR FROM SYSDATE), 'DD-MM-YYYY'));
INSERT INTO ARRIENDO_EQUIPO_AV VALUES (SEQ_ARRIENDO.NEXTVAL, 'AV012', 19876543, TO_DATE('08-01-' || EXTRACT(YEAR FROM SYSDATE), 'DD-MM-YYYY'), 4, TO_DATE('12-01-' || EXTRACT(YEAR FROM SYSDATE), 'DD-MM-YYYY'));
INSERT INTO ARRIENDO_EQUIPO_AV VALUES (SEQ_ARRIENDO.NEXTVAL, 'AV001', 20111222, TO_DATE('15-01-' || EXTRACT(YEAR FROM SYSDATE), 'DD-MM-YYYY'), 3, TO_DATE('18-01-' || EXTRACT(YEAR FROM SYSDATE), 'DD-MM-YYYY'));
INSERT INTO ARRIENDO_EQUIPO_AV VALUES (SEQ_ARRIENDO.NEXTVAL, 'AV002', 18567890, TO_DATE('20-01-' || EXTRACT(YEAR FROM SYSDATE), 'DD-MM-YYYY'), 3, TO_DATE('23-01-' || EXTRACT(YEAR FROM SYSDATE), 'DD-MM-YYYY'));
INSERT INTO ARRIENDO_EQUIPO_AV VALUES (SEQ_ARRIENDO.NEXTVAL, 'AV003', 21234567, TO_DATE('05-01-' || EXTRACT(YEAR FROM SYSDATE), 'DD-MM-YYYY'), 2, TO_DATE('07-01-' || EXTRACT(YEAR FROM SYSDATE), 'DD-MM-YYYY'));
INSERT INTO ARRIENDO_EQUIPO_AV VALUES (SEQ_ARRIENDO.NEXTVAL, 'AV004', 17654321, TO_DATE('10-01-' || EXTRACT(YEAR FROM SYSDATE), 'DD-MM-YYYY'), 3, TO_DATE('13-01-' || EXTRACT(YEAR FROM SYSDATE), 'DD-MM-YYYY'));
INSERT INTO ARRIENDO_EQUIPO_AV VALUES (SEQ_ARRIENDO.NEXTVAL, 'AV005', 22345678, TO_DATE('18-01-' || EXTRACT(YEAR FROM SYSDATE), 'DD-MM-YYYY'), 2, TO_DATE('20-01-' || EXTRACT(YEAR FROM SYSDATE), 'DD-MM-YYYY'));
INSERT INTO ARRIENDO_EQUIPO_AV VALUES (SEQ_ARRIENDO.NEXTVAL, 'AV006', 16789012, TO_DATE('25-01-' || EXTRACT(YEAR FROM SYSDATE), 'DD-MM-YYYY'), 4, TO_DATE('29-01-' || EXTRACT(YEAR FROM SYSDATE), 'DD-MM-YYYY'));
INSERT INTO ARRIENDO_EQUIPO_AV VALUES (SEQ_ARRIENDO.NEXTVAL, 'AV007', 23456789, TO_DATE('12-01-' || EXTRACT(YEAR FROM SYSDATE), 'DD-MM-YYYY'), 3, TO_DATE('15-01-' || EXTRACT(YEAR FROM SYSDATE), 'DD-MM-YYYY'));
INSERT INTO ARRIENDO_EQUIPO_AV VALUES (SEQ_ARRIENDO.NEXTVAL, 'AV008', 15234567, TO_DATE('22-01-' || EXTRACT(YEAR FROM SYSDATE), 'DD-MM-YYYY'), 5, TO_DATE('27-01-' || EXTRACT(YEAR FROM SYSDATE), 'DD-MM-YYYY'));

/* AŃO ANTERIOR */
INSERT INTO ARRIENDO_EQUIPO_AV VALUES (SEQ_ARRIENDO.NEXTVAL, 'AV009', 24567890, TO_DATE('05-12-' || (EXTRACT(YEAR FROM SYSDATE)-1), 'DD-MM-YYYY'), 4, TO_DATE('09-12-' || (EXTRACT(YEAR FROM SYSDATE)-1), 'DD-MM-YYYY'));
INSERT INTO ARRIENDO_EQUIPO_AV VALUES (SEQ_ARRIENDO.NEXTVAL, 'AV010', 14567890, TO_DATE('10-11-' || (EXTRACT(YEAR FROM SYSDATE)-1), 'DD-MM-YYYY'), 3, TO_DATE('13-11-' || (EXTRACT(YEAR FROM SYSDATE)-1), 'DD-MM-YYYY'));
INSERT INTO ARRIENDO_EQUIPO_AV VALUES (SEQ_ARRIENDO.NEXTVAL, 'AV011', 25678901, TO_DATE('08-10-' || (EXTRACT(YEAR FROM SYSDATE)-1), 'DD-MM-YYYY'), 5, TO_DATE('13-10-' || (EXTRACT(YEAR FROM SYSDATE)-1), 'DD-MM-YYYY'));
INSERT INTO ARRIENDO_EQUIPO_AV VALUES (SEQ_ARRIENDO.NEXTVAL, 'AV012', 13345678, TO_DATE('15-09-' || (EXTRACT(YEAR FROM SYSDATE)-1), 'DD-MM-YYYY'), 2, TO_DATE('17-09-' || (EXTRACT(YEAR FROM SYSDATE)-1), 'DD-MM-YYYY'));
INSERT INTO ARRIENDO_EQUIPO_AV VALUES (SEQ_ARRIENDO.NEXTVAL, 'AV001', 26789012, TO_DATE('20-08-' || (EXTRACT(YEAR FROM SYSDATE)-1), 'DD-MM-YYYY'), 4, TO_DATE('24-08-' || (EXTRACT(YEAR FROM SYSDATE)-1), 'DD-MM-YYYY'));
INSERT INTO ARRIENDO_EQUIPO_AV VALUES (SEQ_ARRIENDO.NEXTVAL, 'AV002', 12234567, TO_DATE('12-07-' || (EXTRACT(YEAR FROM SYSDATE)-1), 'DD-MM-YYYY'), 3, TO_DATE('15-07-' || (EXTRACT(YEAR FROM SYSDATE)-1), 'DD-MM-YYYY'));
INSERT INTO ARRIENDO_EQUIPO_AV VALUES (SEQ_ARRIENDO.NEXTVAL, 'AV003', 27890123, TO_DATE('02-06-' || (EXTRACT(YEAR FROM SYSDATE)-1), 'DD-MM-YYYY'), 2, TO_DATE('04-06-' || (EXTRACT(YEAR FROM SYSDATE)-1), 'DD-MM-YYYY'));
INSERT INTO ARRIENDO_EQUIPO_AV VALUES (SEQ_ARRIENDO.NEXTVAL, 'AV004', 11234567, TO_DATE('18-05-' || (EXTRACT(YEAR FROM SYSDATE)-1), 'DD-MM-YYYY'), 3, TO_DATE('21-05-' || (EXTRACT(YEAR FROM SYSDATE)-1), 'DD-MM-YYYY'));
INSERT INTO ARRIENDO_EQUIPO_AV VALUES (SEQ_ARRIENDO.NEXTVAL, 'AV005', 28901234, TO_DATE('25-04-' || (EXTRACT(YEAR FROM SYSDATE)-1), 'DD-MM-YYYY'), 4, TO_DATE('29-04-' || (EXTRACT(YEAR FROM SYSDATE)-1), 'DD-MM-YYYY'));
INSERT INTO ARRIENDO_EQUIPO_AV VALUES (SEQ_ARRIENDO.NEXTVAL, 'AV006', 14250000, TO_DATE('10-03-' || (EXTRACT(YEAR FROM SYSDATE)-1), 'DD-MM-YYYY'), 5, TO_DATE('15-03-' || (EXTRACT(YEAR FROM SYSDATE)-1), 'DD-MM-YYYY'));
INSERT INTO ARRIENDO_EQUIPO_AV VALUES (SEQ_ARRIENDO.NEXTVAL, 'AV007', 76345820, TO_DATE('28-02-' || (EXTRACT(YEAR FROM SYSDATE)-1), 'DD-MM-YYYY'), 3, TO_DATE('03-03-' || (EXTRACT(YEAR FROM SYSDATE)-1), 'DD-MM-YYYY'));
INSERT INTO ARRIENDO_EQUIPO_AV VALUES (SEQ_ARRIENDO.NEXTVAL, 'AV008', 19876543, TO_DATE('15-02-' || (EXTRACT(YEAR FROM SYSDATE)-1), 'DD-MM-YYYY'), 2, TO_DATE('17-02-' || (EXTRACT(YEAR FROM SYSDATE)-1), 'DD-MM-YYYY'));
INSERT INTO ARRIENDO_EQUIPO_AV VALUES (SEQ_ARRIENDO.NEXTVAL, 'AV009', 20111222, TO_DATE('05-02-' || (EXTRACT(YEAR FROM SYSDATE)-1), 'DD-MM-YYYY'), 2, TO_DATE('07-02-' || (EXTRACT(YEAR FROM SYSDATE)-1), 'DD-MM-YYYY'));
INSERT INTO ARRIENDO_EQUIPO_AV VALUES (SEQ_ARRIENDO.NEXTVAL, 'AV010', 18567890, TO_DATE('20-01-' || (EXTRACT(YEAR FROM SYSDATE)-1), 'DD-MM-YYYY'), 3, TO_DATE('23-01-' || (EXTRACT(YEAR FROM SYSDATE)-1), 'DD-MM-YYYY'));
INSERT INTO ARRIENDO_EQUIPO_AV VALUES (SEQ_ARRIENDO.NEXTVAL, 'AV011', 21234567, TO_DATE('10-01-' || (EXTRACT(YEAR FROM SYSDATE)-1), 'DD-MM-YYYY'), 4, TO_DATE('14-01-' || (EXTRACT(YEAR FROM SYSDATE)-1), 'DD-MM-YYYY'));
INSERT INTO ARRIENDO_EQUIPO_AV VALUES (SEQ_ARRIENDO.NEXTVAL, 'AV012', 17654321, TO_DATE('15-01-' || (EXTRACT(YEAR FROM SYSDATE)-1), 'DD-MM-YYYY'), 5, TO_DATE('20-01-' || (EXTRACT(YEAR FROM SYSDATE)-1), 'DD-MM-YYYY'));
INSERT INTO ARRIENDO_EQUIPO_AV VALUES (SEQ_ARRIENDO.NEXTVAL, 'AV001', 22345678, TO_DATE('25-12-' || (EXTRACT(YEAR FROM SYSDATE)-2), 'DD-MM-YYYY'), 3, TO_DATE('28-12-' || (EXTRACT(YEAR FROM SYSDATE)-2), 'DD-MM-YYYY'));
INSERT INTO ARRIENDO_EQUIPO_AV VALUES (SEQ_ARRIENDO.NEXTVAL, 'AV002', 16789012, TO_DATE('20-12-' || (EXTRACT(YEAR FROM SYSDATE)-2), 'DD-MM-YYYY'), 2, TO_DATE('22-12-' || (EXTRACT(YEAR FROM SYSDATE)-2), 'DD-MM-YYYY'));
INSERT INTO ARRIENDO_EQUIPO_AV VALUES (SEQ_ARRIENDO.NEXTVAL, 'AV003', 23456789, TO_DATE('10-12-' || (EXTRACT(YEAR FROM SYSDATE)-2), 'DD-MM-YYYY'), 4, TO_DATE('14-12-' || (EXTRACT(YEAR FROM SYSDATE)-2), 'DD-MM-YYYY'));
INSERT INTO ARRIENDO_EQUIPO_AV VALUES (SEQ_ARRIENDO.NEXTVAL, 'AV004', 15234567, TO_DATE('05-12-' || (EXTRACT(YEAR FROM SYSDATE)-2), 'DD-MM-YYYY'), 3, TO_DATE('08-12-' || (EXTRACT(YEAR FROM SYSDATE)-2), 'DD-MM-YYYY'));
INSERT INTO ARRIENDO_EQUIPO_AV VALUES (SEQ_ARRIENDO.NEXTVAL, 'AV005', 24567890, TO_DATE('15-11-' || (EXTRACT(YEAR FROM SYSDATE)-2), 'DD-MM-YYYY'), 5, TO_DATE('20-11-' || (EXTRACT(YEAR FROM SYSDATE)-2), 'DD-MM-YYYY'));
INSERT INTO ARRIENDO_EQUIPO_AV VALUES (SEQ_ARRIENDO.NEXTVAL, 'AV006', 14567890, TO_DATE('08-11-' || (EXTRACT(YEAR FROM SYSDATE)-2), 'DD-MM-YYYY'), 2, TO_DATE('10-11-' || (EXTRACT(YEAR FROM SYSDATE)-2), 'DD-MM-YYYY'));
INSERT INTO ARRIENDO_EQUIPO_AV VALUES (SEQ_ARRIENDO.NEXTVAL, 'AV007', 25678901, TO_DATE('20-10-' || (EXTRACT(YEAR FROM SYSDATE)-2), 'DD-MM-YYYY'), 4, TO_DATE('24-10-' || (EXTRACT(YEAR FROM SYSDATE)-2), 'DD-MM-YYYY'));
INSERT INTO ARRIENDO_EQUIPO_AV VALUES (SEQ_ARRIENDO.NEXTVAL, 'AV008', 13345678, TO_DATE('12-10-' || (EXTRACT(YEAR FROM SYSDATE)-2), 'DD-MM-YYYY'), 3, TO_DATE('15-10-' || (EXTRACT(YEAR FROM SYSDATE)-2), 'DD-MM-YYYY'));
INSERT INTO ARRIENDO_EQUIPO_AV VALUES (SEQ_ARRIENDO.NEXTVAL, 'AV009', 26789012, TO_DATE('25-09-' || (EXTRACT(YEAR FROM SYSDATE)-2), 'DD-MM-YYYY'), 2, TO_DATE('27-09-' || (EXTRACT(YEAR FROM SYSDATE)-2), 'DD-MM-YYYY'));
INSERT INTO ARRIENDO_EQUIPO_AV VALUES (SEQ_ARRIENDO.NEXTVAL, 'AV010', 12234567, TO_DATE('15-09-' || (EXTRACT(YEAR FROM SYSDATE)-2), 'DD-MM-YYYY'), 3, TO_DATE('18-09-' || (EXTRACT(YEAR FROM SYSDATE)-2), 'DD-MM-YYYY'));
INSERT INTO ARRIENDO_EQUIPO_AV VALUES (SEQ_ARRIENDO.NEXTVAL, 'AV011', 27890123, TO_DATE('05-08-' || (EXTRACT(YEAR FROM SYSDATE)-2), 'DD-MM-YYYY'), 4, TO_DATE('09-08-' || (EXTRACT(YEAR FROM SYSDATE)-2), 'DD-MM-YYYY'));
INSERT INTO ARRIENDO_EQUIPO_AV VALUES (SEQ_ARRIENDO.NEXTVAL, 'AV012', 11234567, TO_DATE('18-07-' || (EXTRACT(YEAR FROM SYSDATE)-2), 'DD-MM-YYYY'), 5, TO_DATE('23-07-' || (EXTRACT(YEAR FROM SYSDATE)-2), 'DD-MM-YYYY'));
INSERT INTO ARRIENDO_EQUIPO_AV VALUES (SEQ_ARRIENDO.NEXTVAL, 'AV001', 28901234, TO_DATE('28-06-' || (EXTRACT(YEAR FROM SYSDATE)-2), 'DD-MM-YYYY'), 2, TO_DATE('30-06-' || (EXTRACT(YEAR FROM SYSDATE)-2), 'DD-MM-YYYY'));
INSERT INTO ARRIENDO_EQUIPO_AV VALUES (SEQ_ARRIENDO.NEXTVAL, 'AV002', 14250000, TO_DATE('10-06-' || (EXTRACT(YEAR FROM SYSDATE)-2), 'DD-MM-YYYY'), 3, TO_DATE('13-06-' || (EXTRACT(YEAR FROM SYSDATE)-2), 'DD-MM-YYYY'));
INSERT INTO ARRIENDO_EQUIPO_AV VALUES (SEQ_ARRIENDO.NEXTVAL, 'AV003', 76345820, TO_DATE('20-05-' || (EXTRACT(YEAR FROM SYSDATE)-2), 'DD-MM-YYYY'), 4, TO_DATE('24-05-' || (EXTRACT(YEAR FROM SYSDATE)-2), 'DD-MM-YYYY'));
INSERT INTO ARRIENDO_EQUIPO_AV VALUES (SEQ_ARRIENDO.NEXTVAL, 'AV004', 19876543, TO_DATE('15-05-' || (EXTRACT(YEAR FROM SYSDATE)-2), 'DD-MM-YYYY'), 2, TO_DATE('17-05-' || (EXTRACT(YEAR FROM SYSDATE)-2), 'DD-MM-YYYY'));
INSERT INTO ARRIENDO_EQUIPO_AV VALUES (SEQ_ARRIENDO.NEXTVAL, 'AV005', 20111222, TO_DATE('05-05-' || (EXTRACT(YEAR FROM SYSDATE)-2), 'DD-MM-YYYY'), 3, TO_DATE('08-05-' || (EXTRACT(YEAR FROM SYSDATE)-2), 'DD-MM-YYYY'));
INSERT INTO ARRIENDO_EQUIPO_AV VALUES (SEQ_ARRIENDO.NEXTVAL, 'AV006', 18567890, TO_DATE('25-04-' || (EXTRACT(YEAR FROM SYSDATE)-2), 'DD-MM-YYYY'), 5, TO_DATE('30-04-' || (EXTRACT(YEAR FROM SYSDATE)-2), 'DD-MM-YYYY'));
INSERT INTO ARRIENDO_EQUIPO_AV VALUES (SEQ_ARRIENDO.NEXTVAL, 'AV007', 21234567, TO_DATE('10-04-' || (EXTRACT(YEAR FROM SYSDATE)-2), 'DD-MM-YYYY'), 2, TO_DATE('12-04-' || (EXTRACT(YEAR FROM SYSDATE)-2), 'DD-MM-YYYY'));
INSERT INTO ARRIENDO_EQUIPO_AV VALUES (SEQ_ARRIENDO.NEXTVAL, 'AV008', 17654321, TO_DATE('20-03-' || (EXTRACT(YEAR FROM SYSDATE)-2), 'DD-MM-YYYY'), 4, TO_DATE('24-03-' || (EXTRACT(YEAR FROM SYSDATE)-2), 'DD-MM-YYYY'));
INSERT INTO ARRIENDO_EQUIPO_AV VALUES (SEQ_ARRIENDO.NEXTVAL, 'AV009', 22345678, TO_DATE('15-03-' || (EXTRACT(YEAR FROM SYSDATE)-2), 'DD-MM-YYYY'), 3, TO_DATE('18-03-' || (EXTRACT(YEAR FROM SYSDATE)-2), 'DD-MM-YYYY'));
INSERT INTO ARRIENDO_EQUIPO_AV VALUES (SEQ_ARRIENDO.NEXTVAL, 'AV010', 16789012, TO_DATE('08-03-' || (EXTRACT(YEAR FROM SYSDATE)-2), 'DD-MM-YYYY'), 2, TO_DATE('10-03-' || (EXTRACT(YEAR FROM SYSDATE)-2), 'DD-MM-YYYY'));
INSERT INTO ARRIENDO_EQUIPO_AV VALUES (SEQ_ARRIENDO.NEXTVAL, 'AV011', 23456789, TO_DATE('28-02-' || (EXTRACT(YEAR FROM SYSDATE)-2), 'DD-MM-YYYY'), 5, TO_DATE('05-03-' || (EXTRACT(YEAR FROM SYSDATE)-2), 'DD-MM-YYYY'));
INSERT INTO ARRIENDO_EQUIPO_AV VALUES (SEQ_ARRIENDO.NEXTVAL, 'AV012', 15234567, TO_DATE('12-02-' || (EXTRACT(YEAR FROM SYSDATE)-2), 'DD-MM-YYYY'), 3, TO_DATE('15-02-' || (EXTRACT(YEAR FROM SYSDATE)-2), 'DD-MM-YYYY'));
INSERT INTO ARRIENDO_EQUIPO_AV VALUES (SEQ_ARRIENDO.NEXTVAL, 'AV001', 24567890, TO_DATE('02-02-' || (EXTRACT(YEAR FROM SYSDATE)-2), 'DD-MM-YYYY'), 4, TO_DATE('06-02-' || (EXTRACT(YEAR FROM SYSDATE)-2), 'DD-MM-YYYY'));
INSERT INTO ARRIENDO_EQUIPO_AV VALUES (SEQ_ARRIENDO.NEXTVAL, 'AV002', 14567890, TO_DATE('18-01-' || (EXTRACT(YEAR FROM SYSDATE)-2), 'DD-MM-YYYY'), 2, TO_DATE('20-01-' || (EXTRACT(YEAR FROM SYSDATE)-2), 'DD-MM-YYYY'));
INSERT INTO ARRIENDO_EQUIPO_AV VALUES (SEQ_ARRIENDO.NEXTVAL, 'AV003', 25678901, TO_DATE('10-01-' || (EXTRACT(YEAR FROM SYSDATE)-2), 'DD-MM-YYYY'), 3, TO_DATE('13-01-' || (EXTRACT(YEAR FROM SYSDATE)-2), 'DD-MM-YYYY'));
INSERT INTO ARRIENDO_EQUIPO_AV VALUES (SEQ_ARRIENDO.NEXTVAL, 'AV004', 13345678, TO_DATE('25-01-' || (EXTRACT(YEAR FROM SYSDATE)-2), 'DD-MM-YYYY'), 2, TO_DATE('27-01-' || (EXTRACT(YEAR FROM SYSDATE)-2), 'DD-MM-YYYY'));
INSERT INTO ARRIENDO_EQUIPO_AV VALUES (SEQ_ARRIENDO.NEXTVAL, 'AV005', 26789012, TO_DATE('05-01-' || (EXTRACT(YEAR FROM SYSDATE)-2), 'DD-MM-YYYY'), 4, TO_DATE('09-01-' || (EXTRACT(YEAR FROM SYSDATE)-2), 'DD-MM-YYYY'));
INSERT INTO ARRIENDO_EQUIPO_AV VALUES (SEQ_ARRIENDO.NEXTVAL, 'AV006', 12234567, TO_DATE('15-01-' || (EXTRACT(YEAR FROM SYSDATE)-2), 'DD-MM-YYYY'), 5, TO_DATE('20-01-' || (EXTRACT(YEAR FROM SYSDATE)-2), 'DD-MM-YYYY'));
INSERT INTO ARRIENDO_EQUIPO_AV VALUES (SEQ_ARRIENDO.NEXTVAL, 'AV007', 27890123, TO_DATE('20-01-' || (EXTRACT(YEAR FROM SYSDATE)-2), 'DD-MM-YYYY'), 2, TO_DATE('22-01-' || (EXTRACT(YEAR FROM SYSDATE)-2), 'DD-MM-YYYY'));
INSERT INTO ARRIENDO_EQUIPO_AV VALUES (SEQ_ARRIENDO.NEXTVAL, 'AV008', 11234567, TO_DATE('28-01-' || (EXTRACT(YEAR FROM SYSDATE)-2), 'DD-MM-YYYY'), 3, TO_DATE('31-01-' || (EXTRACT(YEAR FROM SYSDATE)-2), 'DD-MM-YYYY'));
INSERT INTO ARRIENDO_EQUIPO_AV VALUES (SEQ_ARRIENDO.NEXTVAL, 'AV009', 28901234, TO_DATE('08-02-' || (EXTRACT(YEAR FROM SYSDATE)-2), 'DD-MM-YYYY'), 4, TO_DATE('12-02-' || (EXTRACT(YEAR FROM SYSDATE)-2), 'DD-MM-YYYY'));
INSERT INTO ARRIENDO_EQUIPO_AV VALUES (SEQ_ARRIENDO.NEXTVAL, 'AV010', 14250000, TO_DATE('22-02-' || (EXTRACT(YEAR FROM SYSDATE)-2), 'DD-MM-YYYY'), 2, TO_DATE('24-02-' || (EXTRACT(YEAR FROM SYSDATE)-2), 'DD-MM-YYYY'));
INSERT INTO ARRIENDO_EQUIPO_AV VALUES (SEQ_ARRIENDO.NEXTVAL, 'AV011', 76345820, TO_DATE('10-03-' || (EXTRACT(YEAR FROM SYSDATE)-2), 'DD-MM-YYYY'), 3, TO_DATE('13-03-' || (EXTRACT(YEAR FROM SYSDATE)-2), 'DD-MM-YYYY'));
INSERT INTO ARRIENDO_EQUIPO_AV VALUES (SEQ_ARRIENDO.NEXTVAL, 'AV012', 19876543, TO_DATE('18-03-' || (EXTRACT(YEAR FROM SYSDATE)-2), 'DD-MM-YYYY'), 5, TO_DATE('23-03-' || (EXTRACT(YEAR FROM SYSDATE)-2), 'DD-MM-YYYY'));
INSERT INTO ARRIENDO_EQUIPO_AV VALUES (SEQ_ARRIENDO.NEXTVAL, 'AV001', 20111222, TO_DATE('25-03-' || (EXTRACT(YEAR FROM SYSDATE)-2), 'DD-MM-YYYY'), 2, TO_DATE('27-03-' || (EXTRACT(YEAR FROM SYSDATE)-2), 'DD-MM-YYYY'));
INSERT INTO ARRIENDO_EQUIPO_AV VALUES (SEQ_ARRIENDO.NEXTVAL, 'AV002', 18567890, TO_DATE('02-04-' || (EXTRACT(YEAR FROM SYSDATE)-2), 'DD-MM-YYYY'), 4, TO_DATE('06-04-' || (EXTRACT(YEAR FROM SYSDATE)-2), 'DD-MM-YYYY'));
INSERT INTO ARRIENDO_EQUIPO_AV VALUES (SEQ_ARRIENDO.NEXTVAL, 'AV003', 21234567, TO_DATE('12-04-' || (EXTRACT(YEAR FROM SYSDATE)-2), 'DD-MM-YYYY'), 3, TO_DATE('15-04-' || (EXTRACT(YEAR FROM SYSDATE)-2), 'DD-MM-YYYY'));
INSERT INTO ARRIENDO_EQUIPO_AV VALUES (SEQ_ARRIENDO.NEXTVAL, 'AV004', 17654321, TO_DATE('20-04-' || (EXTRACT(YEAR FROM SYSDATE)-2), 'DD-MM-YYYY'), 2, TO_DATE('22-04-' || (EXTRACT(YEAR FROM SYSDATE)-2), 'DD-MM-YYYY'));
INSERT INTO ARRIENDO_EQUIPO_AV VALUES (SEQ_ARRIENDO.NEXTVAL, 'AV005', 22345678, TO_DATE('28-04-' || (EXTRACT(YEAR FROM SYSDATE)-2), 'DD-MM-YYYY'), 5, TO_DATE('03-05-' || (EXTRACT(YEAR FROM SYSDATE)-2), 'DD-MM-YYYY'));
INSERT INTO ARRIENDO_EQUIPO_AV VALUES (SEQ_ARRIENDO.NEXTVAL, 'AV006', 16789012, TO_DATE('10-05-' || (EXTRACT(YEAR FROM SYSDATE)-2), 'DD-MM-YYYY'), 2, TO_DATE('12-05-' || (EXTRACT(YEAR FROM SYSDATE)-2), 'DD-MM-YYYY'));
INSERT INTO ARRIENDO_EQUIPO_AV VALUES (SEQ_ARRIENDO.NEXTVAL, 'AV007', 23456789, TO_DATE('18-05-' || (EXTRACT(YEAR FROM SYSDATE)-2), 'DD-MM-YYYY'), 3, TO_DATE('21-05-' || (EXTRACT(YEAR FROM SYSDATE)-2), 'DD-MM-YYYY'));
INSERT INTO ARRIENDO_EQUIPO_AV VALUES (SEQ_ARRIENDO.NEXTVAL, 'AV008', 15234567, TO_DATE('25-05-' || (EXTRACT(YEAR FROM SYSDATE)-2), 'DD-MM-YYYY'), 4, TO_DATE('29-05-' || (EXTRACT(YEAR FROM SYSDATE)-2), 'DD-MM-YYYY'));

COMMIT;



/* ---------------------------------------------------------------------
   BORRADO DE OBJETOS DE ENRIQUECIMIENTO
   --------------------------------------------------------------------- */
DROP TABLE RESUMEN_ARRIENDO_TIPO CASCADE CONSTRAINTS;
DROP TABLE FACTURA_ARRIENDO      CASCADE CONSTRAINTS;
DROP TABLE AJUSTE_CLIENTE        CASCADE CONSTRAINTS;

/* ---------------------------------------------------------------------
   1) AJUSTE_CLIENTE
      Porcentaje de ajuste comercial aplicado al monto bruto del arriendo
      segun el tipo de cliente. Un porcentaje negativo es un DESCUENTO y
      uno positivo es un RECARGO.
   --------------------------------------------------------------------- */
CREATE TABLE AJUSTE_CLIENTE
(id_tipo_cli VARCHAR2(1)  NOT NULL CONSTRAINT PK_AJUSTE_CLIENTE PRIMARY KEY,
 pct_ajuste  NUMBER(5,2)  NOT NULL,
 glosa       VARCHAR2(40) NOT NULL,
 CONSTRAINT FK_AJUSTE_TIPOCLIENTE FOREIGN KEY (id_tipo_cli)
     REFERENCES TIPO_CLIENTE (id_tipo_cli));

INSERT INTO AJUSTE_CLIENTE VALUES ('S', -15.00, 'Descuento socio');
INSERT INTO AJUSTE_CLIENTE VALUES ('P', -10.00, 'Descuento cliente premium');
INSERT INTO AJUSTE_CLIENTE VALUES ('N',  -5.00, 'Descuento cliente nacional');
INSERT INTO AJUSTE_CLIENTE VALUES ('E',   8.00, 'Recargo gestion internacional');

/* ---------------------------------------------------------------------
   2) NUEVOS CLIENTES (empresas productoras, nombres realistas)
   --------------------------------------------------------------------- */
INSERT INTO CLIENTE VALUES (29012345, '6', 'Espectaculos', 'Andinos',  'Producciones SpA', NULL, 'Av. Manquehue 1320, Las Condes',  987654420, 226651400, 4200000, TO_DATE('2011-06-20','YYYY-MM-DD'), 80, 'P', 20);
INSERT INTO CLIENTE VALUES (30123456, '7', 'Global',       'Stage',    'Productions Inc',  NULL, 'Av. Apoquindo 4500, Las Condes',  987654421, NULL,      6800000, TO_DATE('2008-02-12','YYYY-MM-DD'), 80, 'E', 10);
INSERT INTO CLIENTE VALUES (31234567, '8', 'Luz',          'y Sonido', 'Eventos Ltda',     NULL, 'Av. Vicuna Mackenna 3200, Macul', 987654422, 226651401, 3100000, TO_DATE('2013-09-05','YYYY-MM-DD'), 80, 'N', 30);
INSERT INTO CLIENTE VALUES (32345678, '9', 'Corporativo',  'Eventos',  'Premium SA',       NULL, 'El Bosque Norte 500, Las Condes', 987654423, NULL,      5500000, TO_DATE('2009-11-28','YYYY-MM-DD'), 80, 'S', 40);

/* ---------------------------------------------------------------------
   3) ARRIENDOS DE MARZO DEL ANIO EN CURSO (datos a facturar)
   --------------------------------------------------------------------- */
INSERT INTO ARRIENDO_EQUIPO_AV VALUES (SEQ_ARRIENDO.NEXTVAL, 'AV007', 29012345, TO_DATE('05-03-' || EXTRACT(YEAR FROM SYSDATE),'DD-MM-YYYY'), 4, TO_DATE('09-03-' || EXTRACT(YEAR FROM SYSDATE),'DD-MM-YYYY'));
INSERT INTO ARRIENDO_EQUIPO_AV VALUES (SEQ_ARRIENDO.NEXTVAL, 'AV008', 30123456, TO_DATE('06-03-' || EXTRACT(YEAR FROM SYSDATE),'DD-MM-YYYY'), 3, TO_DATE('09-03-' || EXTRACT(YEAR FROM SYSDATE),'DD-MM-YYYY'));
INSERT INTO ARRIENDO_EQUIPO_AV VALUES (SEQ_ARRIENDO.NEXTVAL, 'AV004', 31234567, TO_DATE('07-03-' || EXTRACT(YEAR FROM SYSDATE),'DD-MM-YYYY'), 5, TO_DATE('12-03-' || EXTRACT(YEAR FROM SYSDATE),'DD-MM-YYYY'));
INSERT INTO ARRIENDO_EQUIPO_AV VALUES (SEQ_ARRIENDO.NEXTVAL, 'AV001', 32345678, TO_DATE('08-03-' || EXTRACT(YEAR FROM SYSDATE),'DD-MM-YYYY'), 2, TO_DATE('10-03-' || EXTRACT(YEAR FROM SYSDATE),'DD-MM-YYYY'));
INSERT INTO ARRIENDO_EQUIPO_AV VALUES (SEQ_ARRIENDO.NEXTVAL, 'AV006', 29012345, TO_DATE('14-03-' || EXTRACT(YEAR FROM SYSDATE),'DD-MM-YYYY'), 6, TO_DATE('20-03-' || EXTRACT(YEAR FROM SYSDATE),'DD-MM-YYYY'));
INSERT INTO ARRIENDO_EQUIPO_AV VALUES (SEQ_ARRIENDO.NEXTVAL, 'AV010', 30123456, TO_DATE('15-03-' || EXTRACT(YEAR FROM SYSDATE),'DD-MM-YYYY'), 3, TO_DATE('18-03-' || EXTRACT(YEAR FROM SYSDATE),'DD-MM-YYYY'));
INSERT INTO ARRIENDO_EQUIPO_AV VALUES (SEQ_ARRIENDO.NEXTVAL, 'AV012', 18567890, TO_DATE('16-03-' || EXTRACT(YEAR FROM SYSDATE),'DD-MM-YYYY'), 4, TO_DATE('20-03-' || EXTRACT(YEAR FROM SYSDATE),'DD-MM-YYYY'));
INSERT INTO ARRIENDO_EQUIPO_AV VALUES (SEQ_ARRIENDO.NEXTVAL, 'AV005', 21234567, TO_DATE('17-03-' || EXTRACT(YEAR FROM SYSDATE),'DD-MM-YYYY'), 5, TO_DATE('22-03-' || EXTRACT(YEAR FROM SYSDATE),'DD-MM-YYYY'));
INSERT INTO ARRIENDO_EQUIPO_AV VALUES (SEQ_ARRIENDO.NEXTVAL, 'AV002', 25678901, TO_DATE('18-03-' || EXTRACT(YEAR FROM SYSDATE),'DD-MM-YYYY'), 3, TO_DATE('21-03-' || EXTRACT(YEAR FROM SYSDATE),'DD-MM-YYYY'));
INSERT INTO ARRIENDO_EQUIPO_AV VALUES (SEQ_ARRIENDO.NEXTVAL, 'AV009', 31234567, TO_DATE('19-03-' || EXTRACT(YEAR FROM SYSDATE),'DD-MM-YYYY'), 7, TO_DATE('26-03-' || EXTRACT(YEAR FROM SYSDATE),'DD-MM-YYYY'));
INSERT INTO ARRIENDO_EQUIPO_AV VALUES (SEQ_ARRIENDO.NEXTVAL, 'AV011', 32345678, TO_DATE('20-03-' || EXTRACT(YEAR FROM SYSDATE),'DD-MM-YYYY'), 4, TO_DATE('24-03-' || EXTRACT(YEAR FROM SYSDATE),'DD-MM-YYYY'));
INSERT INTO ARRIENDO_EQUIPO_AV VALUES (SEQ_ARRIENDO.NEXTVAL, 'AV003', 26789012, TO_DATE('21-03-' || EXTRACT(YEAR FROM SYSDATE),'DD-MM-YYYY'), 2, TO_DATE('23-03-' || EXTRACT(YEAR FROM SYSDATE),'DD-MM-YYYY'));

/* ---------------------------------------------------------------------
   4) TABLAS DE RESULTADO DE LOS PROCESOS
   --------------------------------------------------------------------- */
CREATE TABLE FACTURA_ARRIENDO
(id_arriendo        NUMBER(7)    NOT NULL CONSTRAINT PK_FACTURA_ARRIENDO PRIMARY KEY,
 cod_equipo         VARCHAR2(8)  NOT NULL,
 numrun_cli         NUMBER(10)   NOT NULL,
 id_tipo_cli        VARCHAR2(1)  NOT NULL,
 dias_solicitados   NUMBER(6)    NOT NULL,
 valor_arriendo_dia NUMBER(7)    NOT NULL,
 monto_bruto        NUMBER(12)   NOT NULL,
 pct_ajuste         NUMBER(5,2)  DEFAULT 0,
 monto_ajuste       NUMBER(12)   DEFAULT 0,
 tipo_ajuste        VARCHAR2(10) NOT NULL,
 monto_neto         NUMBER(12)   NOT NULL,
 iva                NUMBER(12)   NOT NULL,
 total_factura      NUMBER(12)   NOT NULL);

CREATE TABLE RESUMEN_ARRIENDO_TIPO
(id_tipo_equipo     VARCHAR2(1)  NOT NULL,
 mes_proceso        NUMBER(2)    NOT NULL,
 anno_proceso       NUMBER(4)    NOT NULL,
 nombre_tipo        VARCHAR2(40) NOT NULL,
 cantidad_arriendos NUMBER(5)    DEFAULT 0,
 total_dias         NUMBER(6)    DEFAULT 0,
 ingreso_total      NUMBER(14)   DEFAULT 0,
 clasificacion      VARCHAR2(15) NOT NULL,
 CONSTRAINT PK_RESUMEN_ARRIENDO_TIPO PRIMARY KEY (id_tipo_equipo, mes_proceso, anno_proceso));

COMMIT;
