/* =====================================================================
   BASE DE DATOS: MOTO RENT CHILE LTDA.
   ASIGNATURA: BDY1102 - BASE DE DATOS APLICADA II
   ===================================================================== */

/* BORRADO DE LAS TABLAS SI YA ESTÁN CREADAS */
DROP TABLE ARRIENDO_MOTO CASCADE CONSTRAINTS;
DROP TABLE MOTOCICLETA CASCADE CONSTRAINTS;
DROP TABLE CLIENTE CASCADE CONSTRAINTS;
DROP TABLE REGION CASCADE CONSTRAINTS;
DROP TABLE MARCA CASCADE CONSTRAINTS;
DROP TABLE TIPO_CLIENTE CASCADE CONSTRAINTS;
DROP TABLE TIPO_MOTO CASCADE CONSTRAINTS;
DROP TABLE TIPO_SALUD CASCADE CONSTRAINTS;
DROP TABLE EMPLEADO CASCADE CONSTRAINTS;
DROP TABLE ESTADO_CIVIL CASCADE CONSTRAINTS;
DROP TABLE PORC_BONIF_ANNOS CASCADE CONSTRAINTS;

/* BORRADO DE SECUENCIAS */
DROP SEQUENCE SEQ_REGION;
DROP SEQUENCE SEQ_ESTCIVIL;
DROP SEQUENCE SEQ_MARCA;
DROP SEQUENCE SEQ_ARRIENDO;

/* CREACION DE SECUENCIAS */
CREATE SEQUENCE SEQ_REGION    START WITH 80;
CREATE SEQUENCE SEQ_ESTCIVIL  START WITH 10 INCREMENT BY 10;
CREATE SEQUENCE SEQ_MARCA     START WITH 10 INCREMENT BY 10;
CREATE SEQUENCE SEQ_ARRIENDO;

/* ============================
   CREACIÓN DE TABLAS
   ============================ */

CREATE TABLE ARRIENDO_MOTO
(id_arriendo        NUMBER(7)    NOT NULL CONSTRAINT PK_ARRIENDO_MOTO PRIMARY KEY,
 placa              VARCHAR2(8)  NOT NULL,
 numrun_cli         NUMBER(10)   NOT NULL,
 fecha_ini_arriendo DATE         NOT NULL,
 dias_solicitados   NUMBER(6),
 fecha_devolucion   DATE);


CREATE TABLE TIPO_SALUD
(id_tipo_sal  VARCHAR2(3)   NOT NULL CONSTRAINT PK_TIPO_SALUD PRIMARY KEY,
 descripcion  VARCHAR2(100) NOT NULL,
 pct_sueldo   NUMBER(3,1)   NOT NULL);


CREATE TABLE CLIENTE
(numrun_cli     NUMBER(10)   NOT NULL CONSTRAINT PK_CLIENTE PRIMARY KEY,
 dvrun_cli      VARCHAR2(1)  NOT NULL,
 appaterno_cli  VARCHAR2(30) NOT NULL,
 apmaterno_cli  VARCHAR2(30) NOT NULL,
 pnombre_cli    VARCHAR2(30) NOT NULL,
 snombre_cli    VARCHAR2(30),
 direccion      VARCHAR2(60) NOT NULL,
 celular_cli    NUMBER(15),
 fono_fijo_cli  NUMBER(15),
 renta          NUMBER(7)    NOT NULL,
 fecha_nac_cli  DATE,
 id_region      NUMBER(3),
 id_tipo_cli    VARCHAR2(1)  NOT NULL,
 id_estado_civil NUMBER(2)   NOT NULL);


CREATE TABLE REGION
(id_region      NUMBER(3)    NOT NULL CONSTRAINT PK_REGION PRIMARY KEY,
 nombre_region  VARCHAR2(40) NOT NULL CONSTRAINT UN_REGION_NOMBRE UNIQUE);


CREATE TABLE EMPLEADO
(numrun_emp      NUMBER(10)   NOT NULL CONSTRAINT PK_EMPLEADO PRIMARY KEY,
 dvrun_emp       VARCHAR2(1)  NOT NULL,
 appaterno_emp   VARCHAR2(30) NOT NULL,
 apmaterno_emp   VARCHAR2(30) NOT NULL,
 pnombre_emp     VARCHAR2(25) NOT NULL,
 snombre_emp     VARCHAR2(25),
 direccion_emp   VARCHAR2(60) NOT NULL,
 sexo            CHAR(1)      NOT NULL CONSTRAINT CHK_SEXO CHECK (sexo IN ('F','M')),
 celular_emp     NUMBER(15),
 fono_fijo_emp   NUMBER(15),
 fecha_nac       DATE         NOT NULL,
 fecha_contrato  DATE         NOT NULL,
 sueldo_base     NUMBER(7)    NOT NULL,
 id_region       NUMBER(3),
 id_tipo_sal     VARCHAR2(3)  NOT NULL,
 id_estado_civil NUMBER(2)    NOT NULL);


CREATE TABLE MARCA
(id_marca      NUMBER(2)    NOT NULL CONSTRAINT PK_MARCA PRIMARY KEY,
 nombre_marca  VARCHAR2(25) NOT NULL);


CREATE TABLE TIPO_CLIENTE
(id_tipo_cli      VARCHAR2(1)  NOT NULL CONSTRAINT PK_TIPO_CLIENTE PRIMARY KEY,
 nombre_tipo_cli  VARCHAR2(20) NOT NULL);


CREATE TABLE TIPO_MOTO
(id_tipo_moto      VARCHAR2(1)  NOT NULL CONSTRAINT PK_TIPO_MOTO PRIMARY KEY,
 nombre_tipo_moto  VARCHAR2(40) NOT NULL);


CREATE TABLE MOTOCICLETA
(placa             VARCHAR2(8)  NOT NULL CONSTRAINT PK_MOTOCICLETA PRIMARY KEY,
 color             VARCHAR2(15) NOT NULL,
 modelo            VARCHAR2(30) NOT NULL,
 cilindrada        NUMBER(4)    NOT NULL,
 anio_fab          NUMBER(4),
 valor_arriendo_dia NUMBER(7)   NOT NULL,
 valor_garantia_dia NUMBER(6),
 id_tipo_moto      VARCHAR2(1)  NOT NULL,
 numrun_emp        NUMBER(10),
 id_marca          NUMBER(2)    NOT NULL);


CREATE TABLE ESTADO_CIVIL
(id_estado_civil      NUMBER(2)    NOT NULL CONSTRAINT ESTADO_CIVIL_PK PRIMARY KEY,
 nombre_estado_civil  VARCHAR2(25) NOT NULL);


CREATE TABLE PORC_BONIF_ANNOS
(sueldo_desde  NUMBER(7,0) NOT NULL,
 sueldo_hasta  NUMBER(7,0) NOT NULL,
 porcentaje    NUMBER(5,2) NOT NULL);



/* ============================
   RESTRICCIONES (FK)
   ============================ */

ALTER TABLE arriendo_moto
    ADD CONSTRAINT fk_arriendo_cliente FOREIGN KEY (numrun_cli)
        REFERENCES cliente (numrun_cli);

ALTER TABLE arriendo_moto
    ADD CONSTRAINT fk_arriendo_motocicleta FOREIGN KEY (placa)
        REFERENCES motocicleta (placa);

ALTER TABLE cliente
    ADD CONSTRAINT fk_cliente_region FOREIGN KEY (id_region)
        REFERENCES region (id_region);

ALTER TABLE cliente
    ADD CONSTRAINT fk_cliente_tipocliente FOREIGN KEY (id_tipo_cli)
        REFERENCES tipo_cliente (id_tipo_cli);

ALTER TABLE cliente
    ADD CONSTRAINT fk_cliente_estado_civil FOREIGN KEY (id_estado_civil)
        REFERENCES estado_civil (id_estado_civil);

ALTER TABLE empleado
    ADD CONSTRAINT fk_empleado_region FOREIGN KEY (id_region)
        REFERENCES region (id_region);

ALTER TABLE empleado
    ADD CONSTRAINT fk_empleado_estado_civil FOREIGN KEY (id_estado_civil)
        REFERENCES estado_civil (id_estado_civil);

ALTER TABLE empleado
    ADD CONSTRAINT fk_empleado_tipo_salud FOREIGN KEY (id_tipo_sal)
        REFERENCES tipo_salud (id_tipo_sal);

ALTER TABLE motocicleta
    ADD CONSTRAINT fk_motocicleta_empleado FOREIGN KEY (numrun_emp)
        REFERENCES empleado (numrun_emp);

ALTER TABLE motocicleta
    ADD CONSTRAINT fk_motocicleta_marca FOREIGN KEY (id_marca)
        REFERENCES marca (id_marca);

ALTER TABLE motocicleta
    ADD CONSTRAINT fk_motocicleta_tipo FOREIGN KEY (id_tipo_moto)
        REFERENCES tipo_moto (id_tipo_moto);


/* ============================
   INSERCIÓN DE DATOS
   ============================ */

/* TIPO_SALUD */
INSERT INTO TIPO_SALUD VALUES ('F',  'Fonasa',      7.0);
INSERT INTO TIPO_SALUD VALUES ('I',  'Isapre',      8.0);
INSERT INTO TIPO_SALUD VALUES ('P',  'Particular',  9.5);

/* ESTADO_CIVIL */
INSERT INTO ESTADO_CIVIL VALUES (10, 'Soltero');
INSERT INTO ESTADO_CIVIL VALUES (20, 'Casado');
INSERT INTO ESTADO_CIVIL VALUES (30, 'Divorciado');
INSERT INTO ESTADO_CIVIL VALUES (40, 'Viudo');
INSERT INTO ESTADO_CIVIL VALUES (50, 'Otros');

/* REGION */
INSERT INTO REGION (id_region, nombre_region) VALUES (SEQ_REGION.NEXTVAL, 'Región de Valparaíso');
INSERT INTO REGION (id_region, nombre_region) VALUES (SEQ_REGION.NEXTVAL, 'Región del Biobío');
INSERT INTO REGION (id_region, nombre_region) VALUES (SEQ_REGION.NEXTVAL, 'Región Metropolitana');
INSERT INTO REGION (id_region, nombre_region) VALUES (SEQ_REGION.NEXTVAL, 'Región de La Araucanía');
INSERT INTO REGION (id_region, nombre_region) VALUES (SEQ_REGION.NEXTVAL, 'Región de Los Lagos');

/* TIPO_CLIENTE */
INSERT INTO TIPO_CLIENTE VALUES ('S', 'Socio');
INSERT INTO TIPO_CLIENTE VALUES ('P', 'Premium');
INSERT INTO TIPO_CLIENTE VALUES ('N', 'Nacional');
INSERT INTO TIPO_CLIENTE VALUES ('E', 'Extranjero');

/* TIPO_MOTO */
INSERT INTO TIPO_MOTO VALUES ('D', 'Deportiva');
INSERT INTO TIPO_MOTO VALUES ('T', 'Touring');
INSERT INTO TIPO_MOTO VALUES ('N', 'Naked');
INSERT INTO TIPO_MOTO VALUES ('S', 'Scooter');
INSERT INTO TIPO_MOTO VALUES ('R', 'Trail Off-Road');

/* MARCA */
INSERT INTO MARCA (id_marca, nombre_marca) VALUES (SEQ_MARCA.NEXTVAL, 'Honda');
INSERT INTO MARCA (id_marca, nombre_marca) VALUES (SEQ_MARCA.NEXTVAL, 'Yamaha');
INSERT INTO MARCA (id_marca, nombre_marca) VALUES (SEQ_MARCA.NEXTVAL, 'Kawasaki');
INSERT INTO MARCA (id_marca, nombre_marca) VALUES (SEQ_MARCA.NEXTVAL, 'Suzuki');
INSERT INTO MARCA (id_marca, nombre_marca) VALUES (SEQ_MARCA.NEXTVAL, 'BMW');

/* EMPLEADOS - ENCARGADOS DE ARRIENDO */
INSERT INTO EMPLEADO VALUES (9499044, '8', 'Riquelme', 'Soto', 'Juan', 'Carlos', 'Calle 1, Concepción', 'M', 912345678, 2415555, TO_DATE('15/06/1975', 'DD/MM/YYYY'), TO_DATE('10/03/1996', 'DD/MM/YYYY'), 950000, 81, 'F', 20);
INSERT INTO EMPLEADO VALUES (11996940, '9', 'Valenzuela', 'Bravo', 'Lucia', NULL, 'Calle 2, Talcahuano', 'F', 912345679, 2415556, TO_DATE('22/08/1978', 'DD/MM/YYYY'), TO_DATE('25/03/1996', 'DD/MM/YYYY'), 1200000, 81, 'I', 20);
INSERT INTO EMPLEADO VALUES (8716085, '7', 'Castillo', 'Mendez', 'Carlos', 'Alberto', 'Calle 3, Los Ángeles', 'M', 912345680, 2415557, TO_DATE('03/12/1982', 'DD/MM/YYYY'), TO_DATE('14/05/1998', 'DD/MM/YYYY'), 880000, 81, 'F', 10);
INSERT INTO EMPLEADO VALUES (11949670, '6', 'Perez', 'Lopez', 'Ana', 'Maria', 'Calle 4, Concepción', 'F', 912345681, 2415558, TO_DATE('18/07/1980', 'DD/MM/YYYY'), TO_DATE('08/07/1999', 'DD/MM/YYYY'), 950000, 81, 'I', 20);
INSERT INTO EMPLEADO VALUES (12459100, '5', 'Morales', 'Jimenez', 'Rodrigo', 'Antonio', 'Calle 5, Talcahuano', 'M', 912345682, 2415559, TO_DATE('11/02/1985', 'DD/MM/YYYY'), TO_DATE('20/04/1997', 'DD/MM/YYYY'), 1480000, 81, 'P', 20);
INSERT INTO EMPLEADO VALUES (8533901, '4', 'Fuentes', 'Garcia', 'Pablo', NULL, 'Calle 6, Los Ángeles', 'M', 912345683, 2415560, TO_DATE('25/09/1979', 'DD/MM/YYYY'), TO_DATE('30/06/2001', 'DD/MM/YYYY'), 820000, 81, 'F', 30);
INSERT INTO EMPLEADO VALUES (11872936, '3', 'Campos', 'Vargas', 'Roberto', 'Luis', 'Calle 7, Concepción', 'M', 912345684, 2415561, TO_DATE('07/03/1976', 'DD/MM/YYYY'), TO_DATE('15/08/1995', 'DD/MM/YYYY'), 1050000, 81, 'I', 10);
INSERT INTO EMPLEADO VALUES (9771046, '2', 'Espinoza', 'Torres', 'Monica', 'Isabel', 'Calle 8, Talcahuano', 'F', 912345685, 2415562, TO_DATE('19/11/1983', 'DD/MM/YYYY'), TO_DATE('22/02/2000', 'DD/MM/YYYY'), 900000, 81, 'F', 20);
INSERT INTO EMPLEADO VALUES (11976208, '0', 'Bustos', 'Ramirez', 'Fernando', 'Javier', 'Calle 9, Los Ángeles', 'M', 912345686, 2415563, TO_DATE('30/05/1981', 'DD/MM/YYYY'), TO_DATE('10/09/1991', 'DD/MM/YYYY'), 1150000, 81, 'P', 20);
INSERT INTO EMPLEADO VALUES (10234567, '1', 'Rivera', 'Rojas', 'Diego', NULL, 'Calle 10, Concepción', 'M', 912345687, 2415564, TO_DATE('14/04/1984', 'DD/MM/YYYY'), TO_DATE('05/11/2002', 'DD/MM/YYYY'), 750000, 81, 'F', 10);
INSERT INTO EMPLEADO VALUES (12567890, '3', 'Reyes', 'Flores', 'Elena', 'Patricia', 'Calle 11, Talcahuano', 'F', 912345688, 2415565, TO_DATE('28/01/1986', 'DD/MM/YYYY'), TO_DATE('18/03/2005', 'DD/MM/YYYY'), 880000, 81, 'I', 30);

/* CLIENTES */
INSERT INTO CLIENTE VALUES (15234567, '1', 'González', 'Muńoz', 'Andres', NULL, 'Av. Brasil 1000, Concepción', 912345690, 2415570, 2500000, TO_DATE('10/05/1990', 'DD/MM/YYYY'), 81, 'P', 20);
INSERT INTO CLIENTE VALUES (16789012, '2', 'Sanchez', 'Acuńa', 'Maria', 'Ester', 'Calle Principal 50, Los Ángeles', 912345691, 2415571, 3200000, TO_DATE('22/08/1992', 'DD/MM/YYYY'), 81, 'N', 20);
INSERT INTO CLIENTE VALUES (17234567, '8', 'Martinez', 'Silva', 'Jose', 'Luis', 'Av. Paicaví 200, Concepción', 912345692, 2415572, 2800000, TO_DATE('15/12/1988', 'DD/MM/YYYY'), 81, 'N', 10);
INSERT INTO CLIENTE VALUES (18901234, '5', 'Lopez', 'Gutierrez', 'Patricia', 'Sandra', 'Pasaje Sur 30, Talcahuano', 912345693, 2415573, 1800000, TO_DATE('07/03/1995', 'DD/MM/YYYY'), 81, 'P', 20);
INSERT INTO CLIENTE VALUES (19567890, '6', 'Garcia', 'Ortiz', 'Francisco', 'Javier', 'Calle Espańa 500, Los Ángeles', 912345694, 2415574, 4100000, TO_DATE('19/07/1987', 'DD/MM/YYYY'), 81, 'E', 20);
INSERT INTO CLIENTE VALUES (20123456, '7', 'Rodriguez', 'Peńa', 'Laura', 'Alejandra', 'Av. Lota 1500, Concepción', 912345695, 2415575, 2950000, TO_DATE('30/11/1991', 'DD/MM/YYYY'), 81, 'N', 30);
INSERT INTO CLIENTE VALUES (21678901, '3', 'Hernandez', 'Vega', 'Miguel', NULL, 'Calle Arturo Prat 250, Talcahuano', 912345696, 2415576, 3400000, TO_DATE('12/06/1989', 'DD/MM/YYYY'), 81, 'P', 10);
INSERT INTO CLIENTE VALUES (22234567, '4', 'Moreno', 'Salazar', 'Catalina', 'Beatriz', 'Pasaje Norte 75, Los Ángeles', 912345697, 2415577, 2600000, TO_DATE('25/09/1993', 'DD/MM/YYYY'), 81, 'N', 20);
INSERT INTO CLIENTE VALUES (23789012, '9', 'Diaz', 'Ruiz', 'Eduardo', 'Carlos', 'Av. Freire 800, Concepción', 912345698, 2415578, 3100000, TO_DATE('08/04/1990', 'DD/MM/YYYY'), 81, 'S', 20);
INSERT INTO CLIENTE VALUES (24345678, '0', 'Vargas', 'Campos', 'Veronica', 'Rosa', 'Calle Tucapel 100, Talcahuano', 912345699, 2415579, 2700000, TO_DATE('16/10/1994', 'DD/MM/YYYY'), 81, 'N', 30);
INSERT INTO CLIENTE VALUES (25901234, '1', 'Cortez', 'Navarro', 'Enrique', 'Manuel', 'Calle Maipú 300, Los Ángeles', 912345700, 2415580, 3500000, TO_DATE('21/01/1988', 'DD/MM/YYYY'), 81, 'E', 20);
INSERT INTO CLIENTE VALUES (26456789, '2', 'Romero', 'Suarez', 'Irene', NULL, 'Av. Vicente Méndez 600, Concepción', 912345701, 2415581, 2400000, TO_DATE('03/07/1996', 'DD/MM/YYYY'), 81, 'P', 10);
INSERT INTO CLIENTE VALUES (27012345, '3', 'Jimenez', 'Alarcón', 'Sergio', 'Patricio', 'Calle O''Higgins 450, Talcahuano', 912345702, 2415582, 3300000, TO_DATE('14/02/1989', 'DD/MM/YYYY'), 81, 'N', 20);
INSERT INTO CLIENTE VALUES (28567890, '4', 'Gutierrez', 'Fuentes', 'Susana', 'Margarita', 'Pasaje Oriente 120, Los Ángeles', 912345703, 2415583, 2200000, TO_DATE('27/08/1992', 'DD/MM/YYYY'), 81, 'N', 30);
INSERT INTO CLIENTE VALUES (29123456, '5', 'Silva', 'Rojas', 'Vicente', NULL, 'Av. Caupolicán 700, Concepción', 912345704, 2415584, 3600000, TO_DATE('09/05/1991', 'DD/MM/YYYY'), 81, 'S', 20);
INSERT INTO CLIENTE VALUES (30678901, '6', 'Navarro', 'Molina', 'Norma', 'Isabel', 'Calle Chacabuco 200, Talcahuano', 912345705, 2415585, 2950000, TO_DATE('31/12/1993', 'DD/MM/YYYY'), 81, 'P', 20);
INSERT INTO CLIENTE VALUES (31234567, '7', 'Mendez', 'Aguirre', 'Oscar', 'Guillermo', 'Calle Liberal 350, Los Ángeles', 912345706, 2415586, 2300000, TO_DATE('18/03/1987', 'DD/MM/YYYY'), 81, 'N', 10);
INSERT INTO CLIENTE VALUES (32789012, '8', 'Flores', 'Campos', 'Alicia', NULL, 'Av. Anibal Pinto 1200, Concepción', 912345707, 2415587, 4050000, TO_DATE('25/06/1994', 'DD/MM/YYYY'), 81, 'E', 30);
INSERT INTO CLIENTE VALUES (33345678, '9', 'Gonzalez', 'Sepulveda', 'Bruno', 'Esteban', 'Calle Ramírez 420, Talcahuano', 912345708, 2415588, 3700000, TO_DATE('11/04/1990', 'DD/MM/YYYY'), 81, 'N', 20);
INSERT INTO CLIENTE VALUES (34901234, '0', 'Carrasco', 'Riquelme', 'Dolores', 'Carmen', 'Pasaje Poniente 85, Los Ángeles', 912345709, 2415589, 2100000, TO_DATE('29/09/1995', 'DD/MM/YYYY'), 81, 'P', 30);

/* MOTOCICLETAS - 12 MOTOS */
INSERT INTO MOTOCICLETA VALUES ('MR001', 'Rojo', 'Honda CBR 1000RR', 999, 2022, 120000, 60000, 'D', 9499044, 10);
INSERT INTO MOTOCICLETA VALUES ('MR002', 'Negro', 'Yamaha Fazer 250', 250, 2021, 50000, 25000, 'D', 11996940, 20);
INSERT INTO MOTOCICLETA VALUES ('MR003', 'Azul', 'Kawasaki Ninja H2', 998, 2023, 115000, 55000, 'D', 8716085, 30);
INSERT INTO MOTOCICLETA VALUES ('MR004', 'Blanco', 'Suzuki Gixxer 1000', 999, 2020, 95000, 45000, 'N', 11949670, 40);
INSERT INTO MOTOCICLETA VALUES ('MR005', 'Gris', 'BMW S1000RR', 999, 2022, 125000, 65000, 'D', 12459100, 50);
INSERT INTO MOTOCICLETA VALUES ('MR006', 'Rojo', 'Honda NC 750 X', 745, 2021, 60000, 30000, 'T', 8533901, 10);
INSERT INTO MOTOCICLETA VALUES ('MR007', 'Verde', 'Yamaha Tracer 900', 890, 2023, 70000, 35000, 'T', 11872936, 20);
INSERT INTO MOTOCICLETA VALUES ('MR008', 'Naranja', 'Kawasaki Versys 1000', 1043, 2022, 85000, 40000, 'T', 9771046, 30);
INSERT INTO MOTOCICLETA VALUES ('MR009', 'Plata', 'Suzuki V-Strom 1050', 1037, 2021, 75000, 38000, 'T', 11976208, 40);
INSERT INTO MOTOCICLETA VALUES ('MR010', 'Negro', 'BMW F 750 GS', 853, 2020, 80000, 42000, 'T', 10234567, 50);
INSERT INTO MOTOCICLETA VALUES ('MR011', 'Rojo', 'Honda PCX 160', 160, 2023, 35000, 20000, 'S', 12567890, 10);
INSERT INTO MOTOCICLETA VALUES ('MR012', 'Azul', 'Yamaha TTR 250', 250, 2022, 45000, 22000, 'R', 9499044, 20);

/* PORCENTAJES DE BONIFICACIÓN POR 30 AŃOS DE SERVICIO */
INSERT INTO PORC_BONIF_ANNOS VALUES (0, 799999, 2.0);
INSERT INTO PORC_BONIF_ANNOS VALUES (800000, 1499999, 3.0);
INSERT INTO PORC_BONIF_ANNOS VALUES (1500000, 9999999, 8.0);

/* ARRIENDOS - HISTÓRICO Y ACTUALES (MARZO 2026) */
/* Arriendos ańo anterior (2025) - primeros días*/
INSERT INTO ARRIENDO_MOTO VALUES (SEQ_ARRIENDO.NEXTVAL, 'MR001', 15234567, TO_DATE('05/01/2025', 'DD/MM/YYYY'), 5, TO_DATE('10/01/2025', 'DD/MM/YYYY'));
INSERT INTO ARRIENDO_MOTO VALUES (SEQ_ARRIENDO.NEXTVAL, 'MR002', 16789012, TO_DATE('08/01/2025', 'DD/MM/YYYY'), 3, TO_DATE('11/01/2025', 'DD/MM/YYYY'));
INSERT INTO ARRIENDO_MOTO VALUES (SEQ_ARRIENDO.NEXTVAL, 'MR003', 17234567, TO_DATE('12/01/2025', 'DD/MM/YYYY'), 4, TO_DATE('16/01/2025', 'DD/MM/YYYY'));
INSERT INTO ARRIENDO_MOTO VALUES (SEQ_ARRIENDO.NEXTVAL, 'MR004', 18901234, TO_DATE('15/01/2025', 'DD/MM/YYYY'), 6, TO_DATE('21/01/2025', 'DD/MM/YYYY'));
INSERT INTO ARRIENDO_MOTO VALUES (SEQ_ARRIENDO.NEXTVAL, 'MR005', 19567890, TO_DATE('18/01/2025', 'DD/MM/YYYY'), 5, TO_DATE('23/01/2025', 'DD/MM/YYYY'));
INSERT INTO ARRIENDO_MOTO VALUES (SEQ_ARRIENDO.NEXTVAL, 'MR006', 20123456, TO_DATE('22/01/2025', 'DD/MM/YYYY'), 4, TO_DATE('26/01/2025', 'DD/MM/YYYY'));
INSERT INTO ARRIENDO_MOTO VALUES (SEQ_ARRIENDO.NEXTVAL, 'MR007', 21678901, TO_DATE('25/01/2025', 'DD/MM/YYYY'), 7, TO_DATE('01/02/2025', 'DD/MM/YYYY'));
INSERT INTO ARRIENDO_MOTO VALUES (SEQ_ARRIENDO.NEXTVAL, 'MR008', 22234567, TO_DATE('28/01/2025', 'DD/MM/YYYY'), 5, TO_DATE('02/02/2025', 'DD/MM/YYYY'));
INSERT INTO ARRIENDO_MOTO VALUES (SEQ_ARRIENDO.NEXTVAL, 'MR009', 23789012, TO_DATE('02/02/2025', 'DD/MM/YYYY'), 8, TO_DATE('10/02/2025', 'DD/MM/YYYY'));
INSERT INTO ARRIENDO_MOTO VALUES (SEQ_ARRIENDO.NEXTVAL, 'MR010', 24345678, TO_DATE('05/02/2025', 'DD/MM/YYYY'), 6, TO_DATE('11/02/2025', 'DD/MM/YYYY'));
INSERT INTO ARRIENDO_MOTO VALUES (SEQ_ARRIENDO.NEXTVAL, 'MR011', 25901234, TO_DATE('08/02/2025', 'DD/MM/YYYY'), 3, TO_DATE('11/02/2025', 'DD/MM/YYYY'));
INSERT INTO ARRIENDO_MOTO VALUES (SEQ_ARRIENDO.NEXTVAL, 'MR012', 26456789, TO_DATE('10/02/2025', 'DD/MM/YYYY'), 4, TO_DATE('14/02/2025', 'DD/MM/YYYY'));

/* Más arriendos ańo anterior */
INSERT INTO ARRIENDO_MOTO VALUES (SEQ_ARRIENDO.NEXTVAL, 'MR001', 27012345, TO_DATE('12/02/2025', 'DD/MM/YYYY'), 5, TO_DATE('17/02/2025', 'DD/MM/YYYY'));
INSERT INTO ARRIENDO_MOTO VALUES (SEQ_ARRIENDO.NEXTVAL, 'MR002', 28567890, TO_DATE('14/02/2025', 'DD/MM/YYYY'), 6, TO_DATE('20/02/2025', 'DD/MM/YYYY'));
INSERT INTO ARRIENDO_MOTO VALUES (SEQ_ARRIENDO.NEXTVAL, 'MR003', 29123456, TO_DATE('15/02/2025', 'DD/MM/YYYY'), 3, TO_DATE('18/02/2025', 'DD/MM/YYYY'));
INSERT INTO ARRIENDO_MOTO VALUES (SEQ_ARRIENDO.NEXTVAL, 'MR004', 30678901, TO_DATE('18/02/2025', 'DD/MM/YYYY'), 5, TO_DATE('23/02/2025', 'DD/MM/YYYY'));
INSERT INTO ARRIENDO_MOTO VALUES (SEQ_ARRIENDO.NEXTVAL, 'MR005', 31234567, TO_DATE('20/02/2025', 'DD/MM/YYYY'), 7, TO_DATE('27/02/2025', 'DD/MM/YYYY'));
INSERT INTO ARRIENDO_MOTO VALUES (SEQ_ARRIENDO.NEXTVAL, 'MR006', 32789012, TO_DATE('22/02/2025', 'DD/MM/YYYY'), 4, TO_DATE('26/02/2025', 'DD/MM/YYYY'));
INSERT INTO ARRIENDO_MOTO VALUES (SEQ_ARRIENDO.NEXTVAL, 'MR007', 33345678, TO_DATE('24/02/2025', 'DD/MM/YYYY'), 6, TO_DATE('02/03/2025', 'DD/MM/YYYY'));
INSERT INTO ARRIENDO_MOTO VALUES (SEQ_ARRIENDO.NEXTVAL, 'MR008', 34901234, TO_DATE('25/02/2025', 'DD/MM/YYYY'), 5, TO_DATE('02/03/2025', 'DD/MM/YYYY'));
INSERT INTO ARRIENDO_MOTO VALUES (SEQ_ARRIENDO.NEXTVAL, 'MR009', 15234567, TO_DATE('27/02/2025', 'DD/MM/YYYY'), 4, TO_DATE('03/03/2025', 'DD/MM/YYYY'));
INSERT INTO ARRIENDO_MOTO VALUES (SEQ_ARRIENDO.NEXTVAL, 'MR010', 16789012, TO_DATE('28/02/2025', 'DD/MM/YYYY'), 5, TO_DATE('05/03/2025', 'DD/MM/YYYY'));

/* Arriendos enero 2026 */
INSERT INTO ARRIENDO_MOTO VALUES (SEQ_ARRIENDO.NEXTVAL, 'MR001', 17234567, TO_DATE('05/01/2026', 'DD/MM/YYYY'), 4, TO_DATE('09/01/2026', 'DD/MM/YYYY'));
INSERT INTO ARRIENDO_MOTO VALUES (SEQ_ARRIENDO.NEXTVAL, 'MR002', 18901234, TO_DATE('08/01/2026', 'DD/MM/YYYY'), 5, TO_DATE('13/01/2026', 'DD/MM/YYYY'));
INSERT INTO ARRIENDO_MOTO VALUES (SEQ_ARRIENDO.NEXTVAL, 'MR003', 19567890, TO_DATE('10/01/2026', 'DD/MM/YYYY'), 3, TO_DATE('13/01/2026', 'DD/MM/YYYY'));
INSERT INTO ARRIENDO_MOTO VALUES (SEQ_ARRIENDO.NEXTVAL, 'MR004', 20123456, TO_DATE('12/01/2026', 'DD/MM/YYYY'), 6, TO_DATE('18/01/2026', 'DD/MM/YYYY'));
INSERT INTO ARRIENDO_MOTO VALUES (SEQ_ARRIENDO.NEXTVAL, 'MR005', 21678901, TO_DATE('15/01/2026', 'DD/MM/YYYY'), 4, TO_DATE('19/01/2026', 'DD/MM/YYYY'));
INSERT INTO ARRIENDO_MOTO VALUES (SEQ_ARRIENDO.NEXTVAL, 'MR006', 22234567, TO_DATE('18/01/2026', 'DD/MM/YYYY'), 5, TO_DATE('23/01/2026', 'DD/MM/YYYY'));
INSERT INTO ARRIENDO_MOTO VALUES (SEQ_ARRIENDO.NEXTVAL, 'MR007', 23789012, TO_DATE('20/01/2026', 'DD/MM/YYYY'), 7, TO_DATE('27/01/2026', 'DD/MM/YYYY'));
INSERT INTO ARRIENDO_MOTO VALUES (SEQ_ARRIENDO.NEXTVAL, 'MR008', 24345678, TO_DATE('22/01/2026', 'DD/MM/YYYY'), 4, TO_DATE('26/01/2026', 'DD/MM/YYYY'));
INSERT INTO ARRIENDO_MOTO VALUES (SEQ_ARRIENDO.NEXTVAL, 'MR009', 25901234, TO_DATE('25/01/2026', 'DD/MM/YYYY'), 6, TO_DATE('31/01/2026', 'DD/MM/YYYY'));
INSERT INTO ARRIENDO_MOTO VALUES (SEQ_ARRIENDO.NEXTVAL, 'MR010', 26456789, TO_DATE('28/01/2026', 'DD/MM/YYYY'), 5, TO_DATE('02/02/2026', 'DD/MM/YYYY'));

/* Arriendos febrero 2026 */
INSERT INTO ARRIENDO_MOTO VALUES (SEQ_ARRIENDO.NEXTVAL, 'MR011', 27012345, TO_DATE('03/02/2026', 'DD/MM/YYYY'), 3, TO_DATE('06/02/2026', 'DD/MM/YYYY'));
INSERT INTO ARRIENDO_MOTO VALUES (SEQ_ARRIENDO.NEXTVAL, 'MR012', 28567890, TO_DATE('05/02/2026', 'DD/MM/YYYY'), 4, TO_DATE('09/02/2026', 'DD/MM/YYYY'));
INSERT INTO ARRIENDO_MOTO VALUES (SEQ_ARRIENDO.NEXTVAL, 'MR001', 29123456, TO_DATE('08/02/2026', 'DD/MM/YYYY'), 5, TO_DATE('13/02/2026', 'DD/MM/YYYY'));
INSERT INTO ARRIENDO_MOTO VALUES (SEQ_ARRIENDO.NEXTVAL, 'MR002', 30678901, TO_DATE('10/02/2026', 'DD/MM/YYYY'), 4, TO_DATE('14/02/2026', 'DD/MM/YYYY'));
INSERT INTO ARRIENDO_MOTO VALUES (SEQ_ARRIENDO.NEXTVAL, 'MR003', 31234567, TO_DATE('12/02/2026', 'DD/MM/YYYY'), 6, TO_DATE('18/02/2026', 'DD/MM/YYYY'));
INSERT INTO ARRIENDO_MOTO VALUES (SEQ_ARRIENDO.NEXTVAL, 'MR004', 32789012, TO_DATE('15/02/2026', 'DD/MM/YYYY'), 3, TO_DATE('18/02/2026', 'DD/MM/YYYY'));
INSERT INTO ARRIENDO_MOTO VALUES (SEQ_ARRIENDO.NEXTVAL, 'MR005', 33345678, TO_DATE('17/02/2026', 'DD/MM/YYYY'), 5, TO_DATE('22/02/2026', 'DD/MM/YYYY'));
INSERT INTO ARRIENDO_MOTO VALUES (SEQ_ARRIENDO.NEXTVAL, 'MR006', 34901234, TO_DATE('19/02/2026', 'DD/MM/YYYY'), 4, TO_DATE('23/02/2026', 'DD/MM/YYYY'));
INSERT INTO ARRIENDO_MOTO VALUES (SEQ_ARRIENDO.NEXTVAL, 'MR007', 15234567, TO_DATE('21/02/2026', 'DD/MM/YYYY'), 6, TO_DATE('27/02/2026', 'DD/MM/YYYY'));
INSERT INTO ARRIENDO_MOTO VALUES (SEQ_ARRIENDO.NEXTVAL, 'MR008', 16789012, TO_DATE('23/02/2026', 'DD/MM/YYYY'), 5, TO_DATE('28/02/2026', 'DD/MM/YYYY'));

/* Arriendos marzo 2026 */
INSERT INTO ARRIENDO_MOTO VALUES (SEQ_ARRIENDO.NEXTVAL, 'MR001', 17234567, TO_DATE('02/03/2026', 'DD/MM/YYYY'), 4, TO_DATE('06/03/2026', 'DD/MM/YYYY'));
INSERT INTO ARRIENDO_MOTO VALUES (SEQ_ARRIENDO.NEXTVAL, 'MR002', 18901234, TO_DATE('05/03/2026', 'DD/MM/YYYY'), 5, TO_DATE('10/03/2026', 'DD/MM/YYYY'));
INSERT INTO ARRIENDO_MOTO VALUES (SEQ_ARRIENDO.NEXTVAL, 'MR003', 19567890, TO_DATE('08/03/2026', 'DD/MM/YYYY'), 3, TO_DATE('11/03/2026', 'DD/MM/YYYY'));
INSERT INTO ARRIENDO_MOTO VALUES (SEQ_ARRIENDO.NEXTVAL, 'MR004', 20123456, TO_DATE('10/03/2026', 'DD/MM/YYYY'), 6, TO_DATE('16/03/2026', 'DD/MM/YYYY'));
INSERT INTO ARRIENDO_MOTO VALUES (SEQ_ARRIENDO.NEXTVAL, 'MR005', 21678901, TO_DATE('12/03/2026', 'DD/MM/YYYY'), 4, TO_DATE('16/03/2026', 'DD/MM/YYYY'));
INSERT INTO ARRIENDO_MOTO VALUES (SEQ_ARRIENDO.NEXTVAL, 'MR006', 22234567, TO_DATE('15/03/2026', 'DD/MM/YYYY'), 5, TO_DATE('20/03/2026', 'DD/MM/YYYY'));
INSERT INTO ARRIENDO_MOTO VALUES (SEQ_ARRIENDO.NEXTVAL, 'MR007', 23789012, TO_DATE('17/03/2026', 'DD/MM/YYYY'), 7, TO_DATE('24/03/2026', 'DD/MM/YYYY'));
INSERT INTO ARRIENDO_MOTO VALUES (SEQ_ARRIENDO.NEXTVAL, 'MR008', 24345678, TO_DATE('19/03/2026', 'DD/MM/YYYY'), 4, TO_DATE('23/03/2026', 'DD/MM/YYYY'));
INSERT INTO ARRIENDO_MOTO VALUES (SEQ_ARRIENDO.NEXTVAL, 'MR009', 25901234, TO_DATE('21/03/2026', 'DD/MM/YYYY'), 6, TO_DATE('27/03/2026', 'DD/MM/YYYY'));
INSERT INTO ARRIENDO_MOTO VALUES (SEQ_ARRIENDO.NEXTVAL, 'MR010', 26456789, TO_DATE('23/03/2026', 'DD/MM/YYYY'), 5, TO_DATE('28/03/2026', 'DD/MM/YYYY'));


COMMIT;

/* Fin del script */


/* ---------------------------------------------------------------------
   BORRADO DE OBJETOS DE ENRIQUECIMIENTO
   --------------------------------------------------------------------- */
DROP TABLE CLASIFICACION_CLIENTE CASCADE CONSTRAINTS;
DROP TABLE SCORING_CLIENTE       CASCADE CONSTRAINTS;
DROP TABLE BENEFICIO_FIDELIDAD   CASCADE CONSTRAINTS;

/* ---------------------------------------------------------------------
   1) BENEFICIO_FIDELIDAD
      Porcentaje de descuento preferente para el proximo arriendo, segun
      la categoria de fidelidad obtenida por el cliente.
   --------------------------------------------------------------------- */
CREATE TABLE BENEFICIO_FIDELIDAD
(categoria     VARCHAR2(10) NOT NULL CONSTRAINT PK_BENEFICIO_FIDELIDAD PRIMARY KEY,
 pct_beneficio NUMBER(5,2)  NOT NULL,
 glosa         VARCHAR2(40) NOT NULL);

INSERT INTO BENEFICIO_FIDELIDAD VALUES ('Oro',    20.00, 'Descuento preferente VIP');
INSERT INTO BENEFICIO_FIDELIDAD VALUES ('Plata',  12.00, 'Descuento cliente frecuente');
INSERT INTO BENEFICIO_FIDELIDAD VALUES ('Bronce',  6.00, 'Descuento cliente regular');
INSERT INTO BENEFICIO_FIDELIDAD VALUES ('Nuevo',   0.00, 'Sin beneficio (activar cliente)');

/* ---------------------------------------------------------------------
   2) NUEVOS CLIENTES (nombres realistas)
      36012345: cliente recien registrado, sin arriendos (categoria Nuevo).
   --------------------------------------------------------------------- */
INSERT INTO CLIENTE VALUES (35456789, '0', 'Errazuriz', 'Tagle',   'Sebastian', 'Andres', 'Av. Colon 3400, Concepcion',     912348801, 412556601, 3200000, TO_DATE('17/04/1984','DD/MM/YYYY'), 81, 'P', 20);
INSERT INTO CLIENTE VALUES (35678901, '2', 'Paredes',   'Lillo',   'Catalina',  NULL,     'Calle Barros Arana 850, Concepcion', 912348802, NULL,    1700000, TO_DATE('29/10/1992','DD/MM/YYYY'), 81, 'N', 10);
INSERT INTO CLIENTE VALUES (36012345, '9', 'Wagner',    'Brunner', 'Frederick', NULL,     'Hotel Terrano 120, Concepcion',  912348803, NULL,     2600000, TO_DATE('06/07/1987','DD/MM/YYYY'), 81, 'E', 10);

/* ---------------------------------------------------------------------
   3) ARRIENDOS ADICIONALES DEL ANIO 2025  (historial para el scoring)
      Concentran actividad en clientes frecuentes para lograr variedad
      de categorias de fidelidad.
   --------------------------------------------------------------------- */
INSERT INTO ARRIENDO_MOTO VALUES (SEQ_ARRIENDO.NEXTVAL, 'MR001', 15234567, TO_DATE('14/03/2025','DD/MM/YYYY'), 6, TO_DATE('20/03/2025','DD/MM/YYYY'));
INSERT INTO ARRIENDO_MOTO VALUES (SEQ_ARRIENDO.NEXTVAL, 'MR005', 15234567, TO_DATE('10/05/2025','DD/MM/YYYY'), 5, TO_DATE('15/05/2025','DD/MM/YYYY'));
INSERT INTO ARRIENDO_MOTO VALUES (SEQ_ARRIENDO.NEXTVAL, 'MR003', 15234567, TO_DATE('08/08/2025','DD/MM/YYYY'), 7, TO_DATE('15/08/2025','DD/MM/YYYY'));
INSERT INTO ARRIENDO_MOTO VALUES (SEQ_ARRIENDO.NEXTVAL, 'MR006', 15234567, TO_DATE('20/10/2025','DD/MM/YYYY'), 4, TO_DATE('24/10/2025','DD/MM/YYYY'));
INSERT INTO ARRIENDO_MOTO VALUES (SEQ_ARRIENDO.NEXTVAL, 'MR008', 23789012, TO_DATE('05/04/2025','DD/MM/YYYY'), 5, TO_DATE('10/04/2025','DD/MM/YYYY'));
INSERT INTO ARRIENDO_MOTO VALUES (SEQ_ARRIENDO.NEXTVAL, 'MR009', 23789012, TO_DATE('12/06/2025','DD/MM/YYYY'), 8, TO_DATE('20/06/2025','DD/MM/YYYY'));
INSERT INTO ARRIENDO_MOTO VALUES (SEQ_ARRIENDO.NEXTVAL, 'MR010', 23789012, TO_DATE('15/09/2025','DD/MM/YYYY'), 6, TO_DATE('21/09/2025','DD/MM/YYYY'));
INSERT INTO ARRIENDO_MOTO VALUES (SEQ_ARRIENDO.NEXTVAL, 'MR007', 21678901, TO_DATE('22/04/2025','DD/MM/YYYY'), 4, TO_DATE('26/04/2025','DD/MM/YYYY'));
INSERT INTO ARRIENDO_MOTO VALUES (SEQ_ARRIENDO.NEXTVAL, 'MR011', 21678901, TO_DATE('18/07/2025','DD/MM/YYYY'), 3, TO_DATE('21/07/2025','DD/MM/YYYY'));
INSERT INTO ARRIENDO_MOTO VALUES (SEQ_ARRIENDO.NEXTVAL, 'MR012', 35456789, TO_DATE('09/05/2025','DD/MM/YYYY'), 5, TO_DATE('14/05/2025','DD/MM/YYYY'));
INSERT INTO ARRIENDO_MOTO VALUES (SEQ_ARRIENDO.NEXTVAL, 'MR004', 35456789, TO_DATE('11/08/2025','DD/MM/YYYY'), 6, TO_DATE('17/08/2025','DD/MM/YYYY'));
INSERT INTO ARRIENDO_MOTO VALUES (SEQ_ARRIENDO.NEXTVAL, 'MR002', 35678901, TO_DATE('16/06/2025','DD/MM/YYYY'), 2, TO_DATE('18/06/2025','DD/MM/YYYY'));
INSERT INTO ARRIENDO_MOTO VALUES (SEQ_ARRIENDO.NEXTVAL, 'MR007', 18901234, TO_DATE('03/07/2025','DD/MM/YYYY'), 5, TO_DATE('08/07/2025','DD/MM/YYYY'));
INSERT INTO ARRIENDO_MOTO VALUES (SEQ_ARRIENDO.NEXTVAL, 'MR002', 17234567, TO_DATE('27/09/2025','DD/MM/YYYY'), 3, TO_DATE('30/09/2025','DD/MM/YYYY'));

/* ---------------------------------------------------------------------
   4) TABLAS DE RESULTADO DE LOS PROCESOS
   --------------------------------------------------------------------- */
CREATE TABLE SCORING_CLIENTE
(numrun_cli          NUMBER(10)   NOT NULL,
 dvrun_cli           VARCHAR2(1)  NOT NULL,
 nombre_cliente      VARCHAR2(100) NOT NULL,
 anno_proceso        NUMBER(4)    NOT NULL,
 cantidad_arriendos  NUMBER(5)    DEFAULT 0,
 total_dias          NUMBER(6)    DEFAULT 0,
 monto_total         NUMBER(14)   DEFAULT 0,
 puntaje             NUMBER(7)    DEFAULT 0,
 categoria_fidelidad VARCHAR2(10) NOT NULL,
 CONSTRAINT PK_SCORING_CLIENTE PRIMARY KEY (numrun_cli, anno_proceso));

CREATE TABLE CLASIFICACION_CLIENTE
(numrun_cli          NUMBER(10)   NOT NULL,
 dvrun_cli           VARCHAR2(1)  NOT NULL,
 nombre_cliente      VARCHAR2(100) NOT NULL,
 anno_proceso        NUMBER(4)    NOT NULL,
 cantidad_arriendos  NUMBER(5)    DEFAULT 0,
 categoria_cliente   VARCHAR2(15) NOT NULL,
 CONSTRAINT PK_CLASIFICACION_CLIENTE PRIMARY KEY (numrun_cli, anno_proceso));

COMMIT;
